Provincia,Departamento,Dominio_mas_frecuente
Buenos Aires,ADOLFO ALSINA,hotmail
Buenos Aires,ADOLFO GONZALES CHAVES,yahoo
Buenos Aires,ALBERTI,hotmail
Buenos Aires,ALMIRANTE BROWN,yahoo
Buenos Aires,ARRECIFES,yahoo
Buenos Aires,AVELLANEDA,yahoo
Buenos Aires,AZUL,yahoo
Buenos Aires,BAHIA BLANCA,yahoo
Buenos Aires,BALCARCE,yahoo
Buenos Aires,BENITO JUAREZ,gmail
Buenos Aires,BERAZATEGUI,hotmail
Buenos Aires,BERISSO,hotmail
Buenos Aires,BOLIVAR,yahoo
Buenos Aires,BRAGADO,yahoo
Buenos Aires,BRANDSEN,hotmail
Buenos Aires,CAMPANA,yahoo
Buenos Aires,CAPITAN SARMIENTO,hotmail
Buenos Aires,CARLOS CASARES,hotmail
Buenos Aires,CARLOS TEJEDOR,servicoopsa
Buenos Aires,CARMEN DE ARECO,yahoo
Buenos Aires,CASTELLI,yahoo
Buenos Aires,CAÑUELAS,hotmail
Buenos Aires,CHIVILCOY,hotmail
Buenos Aires,CORONEL DE MARINA L ROSALES,gmail
Buenos Aires,CORONEL DORREGO,altisa
Buenos Aires,CORONEL SUAREZ,gmail
Buenos Aires,ENSENADA,yahoo
Buenos Aires,ESCOBAR,gmail
Buenos Aires,ESTEBAN ECHEVERRIA,gmail
Buenos Aires,EZEIZA,gmail
Buenos Aires,FLORENCIO VARELA,yahoo
Buenos Aires,GENERAL ALVARADO,yahoo
Buenos Aires,GENERAL ALVEAR,yahoo
Buenos Aires,GENERAL LA MADRID,yahoo
Buenos Aires,GENERAL LAVALLE,hotmail
Buenos Aires,GENERAL PINTO,hotmail
Buenos Aires,GENERAL SAN MARTIN,hotmail
Buenos Aires,GENERAL VIAMONTE,yahoo
Buenos Aires,GENERAL VILLEGAS,servicoopsa
Buenos Aires,GUAMINI,yahoo
Buenos Aires,HIPOLITO YRIGOYEN,yahoo
Buenos Aires,HURLINGHAM,yahoo
Buenos Aires,ITUZAINGO,yahoo
Buenos Aires,JUNIN,gmail
Buenos Aires,LA COSTA,yahoo
Buenos Aires,LA MATANZA,yahoo
Buenos Aires,LA PLATA,hotmail
Buenos Aires,LANUS,hotmail
Buenos Aires,LAPRIDA,yahoo
Buenos Aires,LEANDRO N. ALEM,live
Buenos Aires,LINCOLN,hotmail
Buenos Aires,LOBERIA,gmail
Buenos Aires,LOBOS,yahoo
Buenos Aires,LOMAS DE ZAMORA,yahoo
Buenos Aires,LUJAN,gmail
Buenos Aires,MAGDALENA,gmail
Buenos Aires,MALVINAS ARGENTINAS,gmail
Buenos Aires,MAR CHIQUITA,yahoo
Buenos Aires,MARCOS PAZ,gmail
Buenos Aires,MERCEDES,hotmail
Buenos Aires,MERLO,bibliotecaguiraldes
Buenos Aires,MONTE,hotmail
Buenos Aires,MORENO,hotmail
Buenos Aires,MORON,hotmail
Buenos Aires,NAVARRO,yahoo
Buenos Aires,NECOCHEA,hotmail
Buenos Aires,OLAVARRIA,hotmail
Buenos Aires,PATAGONES,yahoo
Buenos Aires,PEHUAJO,live
Buenos Aires,PERGAMINO,yahoo
Buenos Aires,PILAR,yahoo
Buenos Aires,PINAMAR,telpin
Buenos Aires,PUAN,yahoo
Buenos Aires,QUILMES,yahoo
Buenos Aires,RAMALLO,hotmail
Buenos Aires,RAUCH,gmail
Buenos Aires,RIVADAVIA,gmail
Buenos Aires,ROQUE PEREZ,yahoo
Buenos Aires,SAAVEDRA,gmail
Buenos Aires,SALTO,hotmail
Buenos Aires,SAN ANTONIO DE ARECO,yahoo
Buenos Aires,SAN FERNANDO,gmail
Buenos Aires,SAN ISIDRO,yahoo
Buenos Aires,SAN MIGUEL,hotmail
Buenos Aires,SAN NICOLAS,gmail
Buenos Aires,SAN PEDRO,gmail
Buenos Aires,SAN VICENTE,yahoo
Buenos Aires,SUIPACHA,yahoo
Buenos Aires,TANDIL,yahoo
Buenos Aires,TAPALQUE,tapalque
Buenos Aires,TIGRE,yahoo
Buenos Aires,TORNQUIST,gmail
Buenos Aires,TRENQUE LAUQUEN,yahoo
Buenos Aires,TRES ARROYOS,hotmail
Buenos Aires,TRES DE FEBRERO,hotmail
Buenos Aires,VICENTE LOPEZ,yahoo
Buenos Aires,VILLARINO,gmail
Buenos Aires,ZARATE,hotmail
Catamarca,CAPAYAN,yahoo
Catamarca,FRAY MAMERTO ESQUIU,yahoo
Catamarca,SANTA ROSA,yahoo
Catamarca,VALLE VIEJO,hotmail
Chaco,2 DE ABRIL,yahoo
Chaco,25 DE MAYO,yahoo
Chaco,9 DE JULIO,hotmail
Chaco,BERMEJO,yahoo
Chaco,CHACABUCO,gmail
Chaco,COMANDANTE FERNANDEZ,hotmail
Chaco,GENERAL BELGRANO,gmail
Chaco,GENERAL DONOVAN,yahoo
Chaco,GENERAL GUEMES,yahoo
Chaco,LIBERTADOR GENERAL SAN MARTIN,yahoo
Chaco,MAYOR LUIS J FONTANA,gmail
Chaco,O HIGGINS,yahoo
Chaco,PRESIDENCIA DE LA PLAZA,hotmail
Chaco,QUITILIPI,hotmail
Chaco,SAN FERNANDO,hotmail
Chaco,SAN LORENZO,yahoo
Chaco,SARGENTO CABRAL,yahoo
Chubut,BIEDMA,hotmail
Chubut,CUSHAMEN,gmail
Chubut,ESCALANTE,hotmail
Chubut,FUTALEUFU,yahoo
Chubut,GAIMAN,gmail
Chubut,RAWSON,hotmail
Chubut,SARMIENTO,yahoo
Chubut,TEHUELCHES,hotmail
Corrientes,CAPITAL,yahoo
Corrientes,CONCEPCION,hotmail
Corrientes,CURUZU CUATIA,hotmail
Corrientes,GENERAL ALVEAR,hotmail
Corrientes,GENERAL PAZ,hotmail
Corrientes,GOYA,gmail
Corrientes,ITUZAINGO,hotmail
Corrientes,MERCEDES,gmail
Corrientes,MONTE CASEROS,hotmail
Corrientes,PASO DE LOS LIBRES,hotmail
Corrientes,SAN COSME,gmail
Corrientes,SAN LUIS DEL PALMAR,bepe
Corrientes,SANTO TOME,cableat
Córdoba,CALAMUCHITA,gmail
Córdoba,CAPITAL,yahoo
Córdoba,COLON,hotmail
Córdoba,GENERAL ROCA,hotmail
Córdoba,GENERAL SAN MARTIN,hotmail
Córdoba,ISCHILIN,intinet
Córdoba,JUAREZ CELMAN,yahoo
Córdoba,MARCOS JUAREZ,yahoo
Córdoba,PRESIDENTE ROQUE SAENZ PEÑA,hotmail
Córdoba,PUNILLA,gmail
Córdoba,RIO CUARTO,hotmail
Córdoba,RIO PRIMERO,hotmail
Córdoba,RIO SEGUNDO,yahoo
Córdoba,SAN ALBERTO,gmail
Córdoba,SAN JAVIER,yahoo
Córdoba,SAN JUSTO,gmail
Córdoba,SANTA MARIA,gmail
Córdoba,TERCERO ARRIBA,hotmail
Córdoba,UNION,yahoo
Entre Ríos,COLON,hotmail
Entre Ríos,CONCORDIA,hotmail
Entre Ríos,DIAMANTE,yahoo
Entre Ríos,FEDERACION,outlook
Entre Ríos,FEDERAL,gmail
Entre Ríos,GUALEGUAY,arnet
Entre Ríos,GUALEGUAYCHU,hotmail
Entre Ríos,ISLAS DEL IBICUY,hotmail
Entre Ríos,LA PAZ,hotmail
Entre Ríos,NOGOYA,hotmail
Entre Ríos,PARANA,gmail
Entre Ríos,SAN SALVADOR,yahoo
Entre Ríos,TALA,gmail
Entre Ríos,URUGUAY,yahoo
Entre Ríos,VILLAGUAY,gmail
Formosa,FORMOSA,hotmail
Formosa,PATIÑO,hotmail
Formosa,PILCOMAYO,hotmail
Formosa,PIRANE,hotmail
Jujuy,COCHINOCA,yahoo
Jujuy,DOCTOR MANUEL BELGRANO,imagine
Jujuy,EL CARMEN,gmail
Jujuy,SAN ANTONIO,hotmail
Jujuy,SAN PEDRO,hotmail
La Pampa,ATREUCO,gmail
La Pampa,CALEU CALEU,hotmail
La Pampa,CAPITAL,gmail
La Pampa,CATRILO,yahoo
La Pampa,CHAPALEUFU,gmail
La Pampa,CONHELO,yahoo
La Pampa,GUATRACHE,gmail
La Pampa,HUCAL,hotmail
La Pampa,LOVENTUE,hotmail
La Pampa,MARACO,yahoo
La Pampa,QUEMU QUEMU,yahoo
La Pampa,RANCUL,yahoo
La Pampa,REALICO,hotmail
La Pampa,TOAY,cpenet
La Pampa,TRENEL,yahoo
La Pampa,UTRACAN,yahoo
La Rioja,CAPITAL,gmail
La Rioja,CHAMICAL,hotmail
La Rioja,CHILECITO,gmail
Mendoza,CAPITAL,gmail
Mendoza,GENERAL ALVEAR,yahoo
Mendoza,GODOY CRUZ,hotmail
Mendoza,GUAYMALLEN,yahoo
Mendoza,JUNIN,gmail
Mendoza,LAS HERAS,live
Mendoza,LAVALLE,hotmail
Mendoza,LUJAN DE CUYO,yahoo
Mendoza,MAIPU,hotmail
Mendoza,RIVADAVIA,hotmail
Mendoza,SAN CARLOS,yahoo
Mendoza,SAN MARTIN,yahoo
Mendoza,SAN RAFAEL,yahoo
Mendoza,SANTA ROSA,gmail
Mendoza,TUNUYAN,yahoo
Mendoza,TUPUNGATO,gmail
Misiones,25 DE MAYO,yahoo
Misiones,CANDELARIA,gmail
Misiones,CAPITAL,arnetbiz
Misiones,ELDORADO,hotmail
Misiones,LEANDRO N. ALEM,hotmail
Misiones,LIBERTADOR GRL SAN MARTIN,live
Misiones,MONTECARLO,yahoo
Misiones,OBERA,yahoo
Misiones,SAN IGNACIO,gmail
Misiones,SAN PEDRO,gmail
Neuquén,AÑELO,yahoo
Neuquén,CATAN LIL,yahoo
Neuquén,CHOS MALAL,yahoo
Neuquén,CONFLUENCIA,gmail
Neuquén,HUILICHES,yahoo
Neuquén,LACAR,smandes
Neuquén,MINAS,yahoo
Neuquén,PEHUENCHES,hotmail
Neuquén,ÑORQUIN,hotmail
Río Negro,25 DE MAYO,yahoo
Río Negro,ADOLFO ALSINA,live
Río Negro,AVELLANEDA,yahoo
Río Negro,BARILOCHE,elbolson
Río Negro,CONESA,gmail
Río Negro,GENERAL ROCA,yahoo
Río Negro,PILCANIYEU,yahoo
Río Negro,SAN ANTONIO,yahoo
Río Negro,VALCHETA,yahoo
Río Negro,ÑORQUINCO,gmail
Salta,CAPITAL,hotmail
Salta,CERRILLOS,yahoo
Salta,GENERAL GUEMES,yahoo
Salta,GENERAL JOSE DE SAN MARTIN,yahoo
Salta,LA CALDERA,yahoo
Salta,LA CANDELARIA,gmail
Salta,METAN,yahoo
Salta,RIVADAVIA,hotmail
Salta,SANTA VICTORIA,gmail
San Juan,CAPITAL,hotmail
San Juan,IGLESIA,yahoo
San Juan,RAWSON,gmail
San Juan,RIVADAVIA,hotmail
San Juan,SAN MARTIN,yahoo
San Juan,SANTA LUCIA,yahoo
San Juan,ULLUM,gmail
San Juan,VALLE FERTIL,hotmail
San Luis,CHACABUCO,hotmail
San Luis,CORONEL PRINGLES,hotmail
San Luis,GENERAL JUAN MARTIN DE PUEYRREDON,gmail
San Luis,GENERAL PEDERNERA,yahoo
San Luis,JUNIN,live
San Luis,LIBERTADOR GRL SAN MARTIN,hotmail
Santa Cruz,DESEADO,hotmail
Santa Cruz,GUER AIKE,riogallegos
Santa Cruz,LAGO ARGENTINO,yahoo
Santa Cruz,LAGO BUENOS AIRES,yahoo
Santa Fe,9 DE JULIO,tostado
Santa Fe,BELGRANO,hotmail
Santa Fe,CASEROS,gmail
Santa Fe,CASTELLANOS,hotmail
Santa Fe,CONSTITUCION,gmail
Santa Fe,GARAY,yahoo
Santa Fe,GENERAL LOPEZ,hotmail
Santa Fe,GENERAL OBLIGADO,hotmail
Santa Fe,IRIONDO,hotmail
Santa Fe,LA CAPITAL,gmail
Santa Fe,LAS COLONIAS,hotmail
Santa Fe,ROSARIO,hotmail
Santa Fe,SAN CRISTOBAL,gmail
Santa Fe,SAN JAVIER,romang
Santa Fe,SAN JERONIMO,hotmail
Santa Fe,SAN JUSTO,hotmail
Santa Fe,SAN LORENZO,hotmail
Santa Fe,SAN MARTIN,gmail
Santa Fe,VERA,cosemar
Santiago del Estero,AVELLANEDA,hotmail
Santiago del Estero,BANDA,hotmail
Santiago del Estero,BELGRANO,hotmail
Santiago del Estero,CAPITAL,hotmail
Santiago del Estero,GENERAL TABOADA,hotmail
Santiago del Estero,JIMENEZ,gmail
Santiago del Estero,LORETO,hotmail
Santiago del Estero,RIO HONDO,hotmail
Santiago del Estero,ROBLES,gmail
Tierra del Fuego,RIO GRANDE,hotmail
Tucumán,CAPITAL,hotmail
Tucumán,CRUZ ALTA,hotmail
Tucumán,LEALES,gmail
Tucumán,MONTEROS,yahoo
Tucumán,YERBA BUENA,yahoo
