provincia,departamento,jardines,poblacion_jardin,primarias,poblacion_primaria,secundarios,poblacion_secundaria
Buenos Aires,LA MATANZA,333,59108.0,335,225872.0,336,181212.0
Buenos Aires,LA PLATA,218,19886.0,201,77998.0,211,67326.0
Buenos Aires,LOMAS DE ZAMORA,168,19589.0,179,76967.0,191,65257.0
Buenos Aires,GENERAL PUEYRREDON,177,15895.0,168,62565.0,173,57730.0
Buenos Aires,QUILMES,158,18414.0,145,70881.0,151,60085.0
Buenos Aires,MORENO,120,19407.0,138,76357.0,134,60359.0
Buenos Aires,ALMIRANTE BROWN,139,17241.0,137,67913.0,146,58227.0
Buenos Aires,MERLO,108,18543.0,120,71541.0,125,59718.0
Buenos Aires,LANUS,116,11148.0,117,44506.0,113,39855.0
Buenos Aires,PILAR,108,12657.0,112,49944.0,105,41528.0
Buenos Aires,TIGRE,120,12571.0,111,51961.0,107,45401.0
Buenos Aires,GENERAL SAN MARTIN,97,10861.0,98,44539.0,96,39634.0
Buenos Aires,FLORENCIO VARELA,98,16792.0,98,64455.0,102,52426.0
Buenos Aires,BAHIA BLANCA,94,8541.0,95,33944.0,81,28746.0
Buenos Aires,BERAZATEGUI,99,10173.0,94,41462.0,97,35467.0
Buenos Aires,AVELLANEDA,117,9037.0,91,37082.0,76,32476.0
Buenos Aires,SAN MIGUEL,84,9567.0,91,37035.0,97,30653.0
Buenos Aires,MORON,93,7179.0,91,28780.0,86,26584.0
Buenos Aires,SAN ISIDRO,91,6483.0,89,26323.0,88,25052.0
Buenos Aires,TRES DE FEBRERO,101,8387.0,87,33616.0,83,30170.0
Buenos Aires,MALVINAS ARGENTINAS,76,9982.0,81,40319.0,87,34959.0
Buenos Aires,ESCOBAR,81,8408.0,79,31983.0,78,25714.0
Buenos Aires,VICENTE LOPEZ,83,5762.0,75,22610.0,69,21312.0
Buenos Aires,OLAVARRIA,60,3371.0,74,13055.0,41,11526.0
Buenos Aires,ESTEBAN ECHEVERRIA,70,10576.0,71,41112.0,72,34241.0
Buenos Aires,JOSE C. PAZ,54,11227.0,63,42316.0,61,34014.0
Buenos Aires,TANDIL,57,3807.0,62,14723.0,41,12884.0
Buenos Aires,SAN NICOLAS,50,4686.0,57,17845.0,51,15225.0
Buenos Aires,PERGAMINO,50,3262.0,56,12264.0,39,10389.0
Buenos Aires,SAN FERNANDO,63,4513.0,55,17900.0,47,15461.0
Buenos Aires,AZUL,38,2129.0,54,8219.0,27,7066.0
Buenos Aires,NECOCHEA,39,2632.0,50,10545.0,35,9347.0
Buenos Aires,LUJAN,51,3137.0,49,12341.0,38,10388.0
Buenos Aires,CHIVILCOY,33,1883.0,49,7181.0,22,6479.0
Buenos Aires,TRENQUE LAUQUEN,41,1466.0,47,5326.0,17,4442.0
Buenos Aires,25 DE MAYO,37,1004.0,47,3733.0,17,3238.0
Buenos Aires,JUNIN,42,2810.0,46,10433.0,35,8728.0
Buenos Aires,EZEIZA,53,6711.0,46,25615.0,45,21089.0
Buenos Aires,HURLINGHAM,45,4599.0,46,18866.0,50,16751.0
Buenos Aires,ZARATE,42,3751.0,45,15431.0,37,13300.0
Buenos Aires,ITUZAINGO,49,4328.0,45,17692.0,47,16004.0
Buenos Aires,MERCEDES,39,2081.0,44,7882.0,25,6753.0
Buenos Aires,CAMPANA,40,3214.0,43,12587.0,41,10846.0
Buenos Aires,SAN PEDRO,31,2198.0,42,8283.0,25,7113.0
Buenos Aires,TRES ARROYOS,35,1620.0,41,6392.0,22,5392.0
Buenos Aires,LINCOLN,31,1254.0,41,4674.0,19,4080.0
Buenos Aires,CAÑUELAS,30,2459.0,39,9538.0,30,7497.0
Buenos Aires,LAS FLORES,16,749.0,39,2771.0,10,2543.0
Buenos Aires,BALCARCE,31,1315.0,38,5070.0,20,4268.0
Buenos Aires,CHASCOMUS,24,1277.0,38,4976.0,19,4223.0
Buenos Aires,9 DE JULIO,35,1583.0,37,5830.0,21,4999.0
Buenos Aires,CHACABUCO,32,1315.0,37,5344.0,19,4811.0
Buenos Aires,BOLIVAR,30,1030.0,37,3857.0,15,3206.0
Buenos Aires,SALADILLO,25,1017.0,36,3785.0,13,3339.0
Buenos Aires,AYACUCHO,21,696.0,36,2442.0,12,2150.0
Buenos Aires,LOBOS,28,1261.0,35,4668.0,15,4035.0
Buenos Aires,CORONEL SUAREZ,34,1078.0,35,4418.0,22,3537.0
Buenos Aires,GENERAL RODRIGUEZ,38,5312.0,34,20970.0,32,15698.0
Buenos Aires,PEHUAJO,30,1285.0,34,4827.0,18,4284.0
Buenos Aires,GENERAL VILLEGAS,30,1030.0,32,4006.0,17,3428.0
Buenos Aires,VILLARINO,23,945.0,32,3677.0,14,3288.0
Buenos Aires,SAN VICENTE,32,3756.0,32,14032.0,20,10952.0
Buenos Aires,LOBERIA,19,456.0,32,1865.0,10,1638.0
Buenos Aires,NAVARRO,22,549.0,30,2341.0,9,2082.0
Buenos Aires,SAN ANDRES DE GILES,27,851.0,29,3031.0,16,2583.0
Buenos Aires,BERISSO,26,2907.0,28,11779.0,25,9722.0
Buenos Aires,PATAGONES,23,1097.0,28,4262.0,14,3335.0
Buenos Aires,BARADERO,27,1184.0,27,4372.0,19,3818.0
Buenos Aires,MAR CHIQUITA,19,963.0,26,3622.0,13,3044.0
Buenos Aires,CORONEL DE MARINA L ROSALES,23,1810.0,26,7353.0,19,6424.0
Buenos Aires,GENERAL ALVEAR,14,281.0,26,1137.0,6,912.0
Buenos Aires,ROQUE PEREZ,17,406.0,25,1572.0,6,1316.0
Buenos Aires,GENERAL PAZ,15,450.0,25,1705.0,6,1390.0
Buenos Aires,LA COSTA,28,2940.0,24,11364.0,22,10072.0
Buenos Aires,MARCOS PAZ,24,2370.0,24,8477.0,17,7148.0
Buenos Aires,RAMALLO,11,1289.0,24,4707.0,11,4088.0
Buenos Aires,CORONEL PRINGLES,19,746.0,24,2791.0,11,2166.0
Buenos Aires,MAGDALENA,20,690.0,23,2768.0,15,2260.0
Buenos Aires,GENERAL JUAN MADARIAGA,18,614.0,23,2637.0,11,2375.0
Buenos Aires,CARLOS CASARES,18,669.0,23,2491.0,14,2110.0
Buenos Aires,ADOLFO ALSINA,18,520.0,23,1697.0,12,1437.0
Buenos Aires,BRANDSEN,20,986.0,22,3997.0,17,3510.0
Buenos Aires,BRAGADO,17,1274.0,22,4807.0,16,4203.0
Buenos Aires,TAPALQUE,14,328.0,22,1125.0,5,1059.0
Buenos Aires,RAUCH,20,475.0,22,1761.0,7,1519.0
Buenos Aires,EXALTACION DE LA CRUZ,19,1300.0,21,4920.0,14,3860.0
Buenos Aires,GENERAL ALVARADO,20,1313.0,21,4822.0,20,4254.0
Buenos Aires,DAIREAUX,18,558.0,21,1986.0,10,1828.0
Buenos Aires,DOLORES,11,930.0,21,3369.0,9,2998.0
Buenos Aires,TORNQUIST,16,389.0,20,1549.0,12,1238.0
Buenos Aires,ROJAS,17,718.0,20,2724.0,9,2362.0
Buenos Aires,CORONEL DORREGO,18,417.0,20,1609.0,10,1418.0
Buenos Aires,RIVADAVIA,17,647.0,20,2317.0,10,1873.0
Buenos Aires,SALTO,20,1206.0,20,4405.0,14,3794.0
Buenos Aires,ARRECIFES,17,965.0,20,3542.0,10,2961.0
Buenos Aires,PRESIDENTE PERON,22,3780.0,19,14476.0,19,11730.0
Buenos Aires,CARMEN DE ARECO,16,532.0,19,1927.0,9,1709.0
Buenos Aires,CARLOS TEJEDOR,17,459.0,19,1557.0,9,1266.0
Buenos Aires,GENERAL VIAMONTE,14,699.0,18,2538.0,9,2039.0
Buenos Aires,MONTE,16,782.0,18,3031.0,10,2380.0
Buenos Aires,SAAVEDRA,15,533.0,18,2109.0,10,1799.0
Buenos Aires,ENSENADA,17,2006.0,18,7776.0,16,6660.0
Buenos Aires,CASTELLI,7,283.0,18,1013.0,3,904.0
Buenos Aires,GUAMINI,16,323.0,18,1189.0,8,1063.0
Buenos Aires,SAN ANTONIO DE ARECO,18,826.0,18,2873.0,11,2569.0
Buenos Aires,PUAN,14,362.0,18,1459.0,13,1232.0
Buenos Aires,LAPRIDA,11,377.0,16,1366.0,5,1152.0
Buenos Aires,GENERAL LA MADRID,13,308.0,16,1263.0,8,980.0
Buenos Aires,GENERAL BELGRANO,11,602.0,16,2272.0,9,1893.0
Buenos Aires,GENERAL LAS HERAS,16,581.0,16,2054.0,6,1823.0
Buenos Aires,COLON,16,728.0,15,2851.0,11,2561.0
Buenos Aires,LEANDRO N. ALEM,11,486.0,15,1838.0,7,1700.0
Buenos Aires,ADOLFO GONZALES CHAVES,13,341.0,15,1401.0,9,1170.0
Buenos Aires,PILA,9,169.0,15,592.0,2,441.0
Buenos Aires,PUNTA INDIO,9,370.0,15,1384.0,6,1047.0
Buenos Aires,SUIPACHA,12,362.0,14,1328.0,6,1257.0
Buenos Aires,GENERAL GUIDO,6,98.0,14,338.0,3,304.0
Buenos Aires,GENERAL PINTO,9,394.0,13,1321.0,7,1175.0
Buenos Aires,BENITO JUAREZ,11,641.0,13,2277.0,10,2015.0
Buenos Aires,ALBERTI,11,328.0,12,1378.0,7,1198.0
Buenos Aires,CAPITAN SARMIENTO,10,423.0,12,1713.0,6,1441.0
Buenos Aires,MAIPU,10,339.0,12,1234.0,5,995.0
Buenos Aires,VILLA GESELL,11,998.0,12,4267.0,12,3801.0
Buenos Aires,LEZAMA,4,180.0,11,639.0,4,570.0
Buenos Aires,GENERAL ARENALES,11,437.0,10,1535.0,10,1404.0
Buenos Aires,SAN CAYETANO,7,215.0,10,865.0,4,747.0
Buenos Aires,PINAMAR,12,1193.0,10,4519.0,9,3979.0
Buenos Aires,HIPOLITO YRIGOYEN,7,317.0,9,1110.0,5,965.0
Buenos Aires,FLORENTINO AMEGHINO,9,320.0,9,1275.0,7,1107.0
Buenos Aires,GENERAL LAVALLE,7,183.0,8,636.0,3,493.0
Buenos Aires,TRES LOMAS,6,256.0,7,989.0,4,831.0
Buenos Aires,PELLEGRINI,6,240.0,6,831.0,4,610.0
Buenos Aires,TORDILLO,4,86.0,5,298.0,1,231.0
Buenos Aires,SALLIQUELO,5,257.0,5,963.0,4,846.0
Buenos Aires,MONTE HERMOSO,4,222.0,3,942.0,3,782.0
Catamarca,BELEN,45,937.0,57,3513.0,27,3350.0
Catamarca,LA PAZ,29,826.0,51,3146.0,18,2844.0
Catamarca,CAPITAL,49,5492.0,46,20132.0,45,17544.0
Catamarca,TINOGASTA,30,751.0,39,2784.0,19,2684.0
Catamarca,SANTA MARIA,27,828.0,33,2998.0,28,2619.0
Catamarca,CAPAYAN,24,574.0,29,2244.0,12,2043.0
Catamarca,ANCASTI,7,88.0,28,334.0,5,322.0
Catamarca,ANDALGALA,17,555.0,26,2037.0,15,2051.0
Catamarca,SANTA ROSA,17,401.0,25,1476.0,11,1361.0
Catamarca,EL ALTO,16,126.0,25,517.0,9,485.0
Catamarca,POMAN,13,379.0,20,1480.0,12,1321.0
Catamarca,VALLE VIEJO,17,1045.0,18,3862.0,14,3346.0
Catamarca,AMBATO,13,162.0,18,439.0,5,401.0
Catamarca,PACLIN,10,111.0,13,512.0,5,450.0
Catamarca,FRAY MAMERTO ESQUIU,10,454.0,10,1651.0,7,1397.0
Catamarca,ANTOFAGASTA DE LA SIERRA,3,46.0,5,241.0,2,174.0
Chaco,GENERAL GUEMES,106,2635.0,235,9486.0,52,7565.0
Chaco,SAN FERNANDO,170,12127.0,139,45514.0,102,36791.0
Chaco,LIBERTADOR GENERAL SAN MARTIN,57,2384.0,99,8406.0,30,6903.0
Chaco,COMANDANTE FERNANDEZ,51,3203.0,68,12218.0,33,10680.0
Chaco,ALMIRANTE BROWN,36,1478.0,66,5089.0,13,4604.0
Chaco,MAIPU,27,981.0,53,3468.0,13,2776.0
Chaco,QUITILIPI,35,1147.0,52,3819.0,14,3539.0
Chaco,MAYOR LUIS J FONTANA,40,2075.0,47,7600.0,18,5872.0
Chaco,9 DE JULIO,28,1092.0,43,3572.0,9,3053.0
Chaco,25 DE MAYO,23,1161.0,40,4543.0,9,3788.0
Chaco,CHACABUCO,27,1148.0,33,4114.0,11,3194.0
Chaco,O HIGGINS,28,685.0,32,3018.0,10,2575.0
Chaco,BERMEJO,25,912.0,32,3431.0,13,2793.0
Chaco,SAN LORENZO,16,611.0,31,2119.0,5,1694.0
Chaco,12 DE OCTUBRE,22,730.0,30,2851.0,11,2323.0
Chaco,SARGENTO CABRAL,14,642.0,30,2286.0,7,1912.0
Chaco,INDEPENDENCIA,16,836.0,27,3020.0,6,2776.0
Chaco,FRAY JUSTO SANTA MARIA DE ORO,15,324.0,21,1305.0,7,1039.0
Chaco,PRESIDENCIA DE LA PLAZA,11,509.0,16,1853.0,4,1510.0
Chaco,2 DE ABRIL,8,269.0,16,895.0,4,768.0
Chaco,GENERAL DONOVAN,11,509.0,15,1794.0,7,1513.0
Chaco,1§ DE MAYO,9,530.0,12,1810.0,7,1262.0
Chaco,GENERAL BELGRANO,6,507.0,12,1698.0,3,1470.0
Chaco,LIBERTAD,9,478.0,11,1682.0,5,1357.0
Chaco,TAPENAGA,5,128.0,10,505.0,2,442.0
Chubut,ESCALANTE,68,6480.0,63,25207.0,47,20255.0
Chubut,RAWSON,64,4049.0,50,15641.0,35,13427.0
Chubut,BIEDMA,30,2999.0,28,12244.0,24,10407.0
Chubut,FUTALEUFU,26,1420.0,28,5702.0,23,4656.0
Chubut,CUSHAMEN,22,794.0,26,3216.0,19,2710.0
Chubut,RIO SENGUER,8,209.0,9,746.0,7,517.0
Chubut,GAIMAN,9,381.0,9,1396.0,9,1244.0
Chubut,SARMIENTO,8,500.0,8,1995.0,4,1510.0
Chubut,LANGUIÑEO,5,102.0,5,297.0,5,269.0
Chubut,TEHUELCHES,4,192.0,5,754.0,4,546.0
Chubut,GASTRE,4,38.0,5,108.0,5,97.0
Chubut,TELSEN,3,41.0,4,167.0,4,151.0
Chubut,FLORENTINO AMEGHINO,2,74.0,2,221.0,1,157.0
Chubut,MARTIRES,2,34.0,2,74.0,1,54.0
Chubut,PASO DE INDIOS,3,58.0,2,191.0,3,147.0
Ciudad de Buenos Aires,Comuna 4,70,0.0,84,0.0,41,0.0
Ciudad de Buenos Aires,Comuna 13,77,0.0,79,0.0,57,0.0
Ciudad de Buenos Aires,Comuna 11,64,0.0,72,0.0,34,0.0
Ciudad de Buenos Aires,Comuna 12,69,0.0,72,0.0,39,0.0
Ciudad de Buenos Aires,Comuna 7,59,0.0,65,0.0,32,0.0
Ciudad de Buenos Aires,Comuna 9,57,0.0,62,0.0,28,0.0
Ciudad de Buenos Aires,Comuna 10,62,0.0,61,0.0,30,0.0
Ciudad de Buenos Aires,Comuna 14,64,0.0,59,0.0,40,0.0
Ciudad de Buenos Aires,Comuna 8,64,0.0,57,0.0,31,0.0
Ciudad de Buenos Aires,Comuna 15,48,0.0,55,0.0,23,0.0
Ciudad de Buenos Aires,Comuna 1,48,0.0,53,0.0,38,0.0
Ciudad de Buenos Aires,Comuna 3,46,0.0,51,0.0,36,0.0
Ciudad de Buenos Aires,Comuna 6,45,0.0,45,0.0,31,0.0
Ciudad de Buenos Aires,Comuna 5,44,3662.0,42,14068.0,26,12311.0
Ciudad de Buenos Aires,Comuna 2,41,0.0,37,0.0,27,0.0
Corrientes,CAPITAL,134,13268.0,97,47808.0,72,40759.0
Corrientes,GOYA,83,3381.0,96,12729.0,31,11020.0
Corrientes,ESQUINA,46,1427.0,56,4809.0,15,4256.0
Corrientes,SANTO TOME,45,2450.0,49,9454.0,22,7725.0
Corrientes,CURUZU CUATIA,38,1735.0,49,6209.0,16,5270.0
Corrientes,SAN LUIS DEL PALMAR,31,743.0,42,2392.0,11,2129.0
Corrientes,MONTE CASEROS,29,1537.0,39,5486.0,13,4434.0
Corrientes,EMPEDRADO,24,577.0,39,2041.0,8,1795.0
Corrientes,LAVALLE,37,1644.0,39,5545.0,14,4384.0
Corrientes,MERCEDES,35,1827.0,39,6120.0,15,4682.0
Corrientes,BELLA VISTA,36,1580.0,37,5598.0,12,4349.0
Corrientes,PASO DE LOS LIBRES,31,2001.0,34,7451.0,14,6405.0
Corrientes,CONCEPCION,25,1043.0,34,3721.0,8,3145.0
Corrientes,ITUZAINGO,29,1357.0,33,4878.0,14,4073.0
Corrientes,GENERAL PAZ,30,531.0,32,1916.0,12,1636.0
Corrientes,SALADAS,27,1000.0,28,3566.0,9,3134.0
Corrientes,SAN ROQUE,24,793.0,28,2726.0,9,2356.0
Corrientes,SAN MARTIN,16,547.0,24,1980.0,9,1694.0
Corrientes,SAN COSME,22,634.0,22,2191.0,7,1708.0
Corrientes,SAUCE,15,368.0,18,1251.0,6,1114.0
Corrientes,MBURUCUYA,14,336.0,17,1317.0,6,1230.0
Corrientes,SAN MIGUEL,15,498.0,17,1758.0,6,1480.0
Corrientes,ITATI,13,419.0,13,1491.0,6,1164.0
Corrientes,GENERAL ALVEAR,9,302.0,12,1086.0,4,936.0
Corrientes,BERON DE ASTRADA,3,103.0,5,301.0,2,288.0
Córdoba,CAPITAL,440,39517.0,413,149261.0,298,132716.0
Córdoba,SAN JUSTO,159,6694.0,169,24255.0,88,21387.0
Córdoba,RIO CUARTO,135,8025.0,150,28900.0,87,24194.0
Córdoba,COLON,99,9232.0,101,34951.0,68,29481.0
Córdoba,UNION,85,3207.0,93,12013.0,42,10336.0
Córdoba,CRUZ DEL EJE,69,2131.0,82,7539.0,23,6409.0
Córdoba,PUNILLA,76,5868.0,81,22996.0,56,19945.0
Córdoba,MARCOS JUAREZ,67,2942.0,80,10712.0,36,9015.0
Córdoba,GENERAL SAN MARTIN,73,4746.0,79,16719.0,37,13699.0
Córdoba,RIO SEGUNDO,60,3247.0,72,12120.0,46,10358.0
Córdoba,RIO PRIMERO,62,1955.0,72,6664.0,30,5637.0
Córdoba,TERCERO ARRIBA,62,3484.0,68,12660.0,40,10615.0
Córdoba,SANTA MARIA,64,4630.0,68,16655.0,43,13320.0
Córdoba,CALAMUCHITA,57,2252.0,67,8474.0,30,7104.0
Córdoba,SAN ALBERTO,45,1303.0,53,4666.0,22,3958.0
Córdoba,SAN JAVIER,47,1806.0,52,7043.0,20,5838.0
Córdoba,JUAREZ CELMAN,46,2093.0,50,7504.0,25,6295.0
Córdoba,ISCHILIN,35,1156.0,41,4159.0,11,3859.0
Córdoba,TULUMBA,30,389.0,40,1454.0,7,1262.0
Córdoba,RIO SECO,28,491.0,37,1890.0,8,1619.0
Córdoba,PRESIDENTE ROQUE SAENZ PEÑA,31,1093.0,33,4130.0,16,3526.0
Córdoba,TOTORAL,28,702.0,32,2627.0,11,2260.0
Córdoba,GENERAL ROCA,29,1085.0,29,3828.0,16,3338.0
Córdoba,POCHO,18,146.0,28,472.0,5,471.0
Córdoba,MINAS,21,135.0,23,499.0,9,454.0
Córdoba,SOBREMONTE,11,121.0,13,468.0,3,474.0
Entre Ríos,PARANA,235,11013.0,223,40780.0,143,34203.0
Entre Ríos,GUALEGUAYCHU,105,3696.0,111,13745.0,47,11683.0
Entre Ríos,URUGUAY,86,3340.0,96,12543.0,51,10989.0
Entre Ríos,LA PAZ,83,2432.0,95,9094.0,34,7510.0
Entre Ríos,VILLAGUAY,78,1783.0,93,6258.0,27,5445.0
Entre Ríos,CONCORDIA,104,6695.0,90,24910.0,57,19760.0
Entre Ríos,NOGOYA,69,1282.0,87,4731.0,27,3961.0
Entre Ríos,FEDERACION,65,2597.0,76,9326.0,30,7362.0
Entre Ríos,DIAMANTE,50,1458.0,56,5216.0,27,4404.0
Entre Ríos,FEDERAL,47,1002.0,56,3327.0,16,2784.0
Entre Ríos,GUALEGUAY,49,1769.0,55,6359.0,21,5287.0
Entre Ríos,COLON,52,2348.0,52,8095.0,26,6808.0
Entre Ríos,TALA,38,963.0,47,3601.0,17,2963.0
Entre Ríos,VICTORIA,46,1193.0,46,4259.0,31,3629.0
Entre Ríos,FELICIANO,27,556.0,30,2002.0,10,1752.0
Entre Ríos,ISLAS DEL IBICUY,23,471.0,24,1790.0,10,1491.0
Entre Ríos,SAN SALVADOR,19,647.0,19,2487.0,7,2170.0
Formosa,PATIÑO,101,3062.0,129,11476.0,77,8864.0
Formosa,PIRANE,66,2616.0,100,9417.0,67,7940.0
Formosa,FORMOSA,108,8126.0,91,30764.0,65,26381.0
Formosa,BERMEJO,46,635.0,61,2371.0,20,1864.0
Formosa,PILCOMAYO,70,3326.0,61,11883.0,45,9453.0
Formosa,RAMON LISTA,35,841.0,59,3239.0,15,2578.0
Formosa,PILAGAS,27,645.0,34,2530.0,19,2118.0
Formosa,MATACOS,14,662.0,24,2539.0,13,2024.0
Formosa,LAISHI,20,652.0,23,2496.0,18,2230.0
Jujuy,DOCTOR MANUEL BELGRANO,104,9191.0,86,36369.0,67,29775.0
Jujuy,EL CARMEN,46,4264.0,44,15576.0,30,12999.0
Jujuy,SAN PEDRO,45,2829.0,41,10745.0,27,8540.0
Jujuy,YAVI,36,914.0,36,3247.0,9,2798.0
Jujuy,HUMAHUACA,29,751.0,35,2892.0,20,2366.0
Jujuy,COCHINOCA,26,495.0,32,2002.0,12,1782.0
Jujuy,LEDESMA,31,3016.0,28,11518.0,18,9498.0
Jujuy,PALPALA,23,1929.0,22,7650.0,12,6532.0
Jujuy,TILCARA,15,440.0,18,1787.0,8,1565.0
Jujuy,SANTA CATALINA,16,121.0,17,350.0,9,304.0
Jujuy,TUMBAYA,15,135.0,15,631.0,7,468.0
Jujuy,SANTA BARBARA,15,707.0,15,2848.0,10,2152.0
Jujuy,RINCONADA,9,59.0,11,292.0,7,187.0
Jujuy,SUSQUES,9,172.0,10,604.0,9,483.0
Jujuy,VALLE GRANDE,7,83.0,8,332.0,6,273.0
Jujuy,SAN ANTONIO,6,208.0,6,820.0,2,617.0
La Pampa,CAPITAL,57,3318.0,42,12927.0,37,10902.0
La Pampa,MARACO,26,2019.0,26,7633.0,23,6334.0
La Pampa,UTRACAN,11,548.0,14,2084.0,10,1668.0
La Pampa,REALICO,10,478.0,12,1924.0,12,1672.0
La Pampa,RANCUL,8,356.0,11,1281.0,8,1164.0
La Pampa,CONHELO,10,433.0,10,1567.0,11,1227.0
La Pampa,CHAPALEUFU,9,369.0,9,1353.0,9,1136.0
La Pampa,PUELEN,6,422.0,8,1576.0,6,1178.0
La Pampa,ATREUCO,6,293.0,8,1146.0,7,1002.0
La Pampa,TOAY,7,630.0,7,2436.0,4,1773.0
La Pampa,QUEMU QUEMU,5,236.0,7,825.0,5,807.0
La Pampa,LOVENTUE,6,262.0,7,993.0,7,858.0
La Pampa,GUATRACHE,6,256.0,7,894.0,6,827.0
La Pampa,CATRILO,5,249.0,5,1019.0,4,794.0
La Pampa,HUCAL,6,183.0,5,693.0,4,617.0
La Pampa,TRENEL,4,179.0,4,580.0,4,495.0
La Pampa,CHICAL CO,2,49.0,3,180.0,2,163.0
La Pampa,LIMAY MAHUIDA,2,10.0,2,46.0,1,24.0
La Pampa,CALEU CALEU,2,72.0,2,325.0,1,283.0
La Pampa,CURACO,2,33.0,2,125.0,2,90.0
La Pampa,LIHUEL CALEL,1,17.0,1,52.0,1,44.0
La Pampa,CHALILEO,1,88.0,1,354.0,2,270.0
La Rioja,CAPITAL,89,5949.0,83,23293.0,43,20533.0
La Rioja,ROSARIO VERA PEÑALOZA,25,516.0,32,1900.0,22,1616.0
La Rioja,CHILECITO,31,1757.0,32,7038.0,20,6402.0
La Rioja,GENERAL OCAMPO,12,202.0,29,765.0,10,696.0
La Rioja,GENERAL JUAN F QUIROGA,22,127.0,25,406.0,13,417.0
La Rioja,GENERAL SAN MARTIN,13,139.0,24,643.0,15,550.0
La Rioja,CHAMICAL,14,486.0,24,1589.0,17,1472.0
La Rioja,GENERAL BELGRANO,17,226.0,20,784.0,14,728.0
La Rioja,CORONEL FELIPE VARELA,15,320.0,17,1249.0,6,1001.0
La Rioja,GENERAL ANGEL V PEÑALOZA,11,92.0,16,392.0,11,296.0
La Rioja,FAMATINA,14,184.0,14,757.0,5,711.0
La Rioja,ARAUCO,14,502.0,13,1915.0,8,1593.0
La Rioja,INDEPENDENCIA,7,84.0,10,291.0,7,257.0
La Rioja,CASTRO BARROS,6,151.0,7,626.0,4,511.0
La Rioja,SAN BLAS DE LOS SAUCES,6,122.0,7,501.0,4,422.0
La Rioja,VINCHINA,6,84.0,6,294.0,3,257.0
La Rioja,GENERAL LAMADRID,2,60.0,2,191.0,1,187.0
La Rioja,SANAGASTA,1,86.0,1,361.0,1,270.0
Mendoza,SAN RAFAEL,127,6737.0,130,24756.0,56,19958.0
Mendoza,GUAYMALLEN,86,9865.0,87,36996.0,48,29798.0
Mendoza,MAIPU,75,6997.0,70,26442.0,32,21528.0
Mendoza,GODOY CRUZ,66,5076.0,67,19838.0,34,16701.0
Mendoza,SAN MARTIN,60,4466.0,62,17257.0,24,13262.0
Mendoza,CAPITAL,63,3094.0,62,11563.0,57,9394.0
Mendoza,LUJAN DE CUYO,56,5345.0,55,20822.0,24,17463.0
Mendoza,LAS HERAS,55,7877.0,55,28992.0,29,23685.0
Mendoza,LAVALLE,44,1782.0,46,6674.0,17,5019.0
Mendoza,GENERAL ALVEAR,39,1558.0,43,6260.0,12,4846.0
Mendoza,RIVADAVIA,30,1963.0,31,7683.0,10,6036.0
Mendoza,TUNUYAN,28,1948.0,31,7833.0,12,6153.0
Mendoza,SAN CARLOS,27,1315.0,30,5109.0,12,4018.0
Mendoza,JUNIN,27,1443.0,28,5299.0,11,4319.0
Mendoza,MALARGUE,22,1144.0,22,4345.0,12,3426.0
Mendoza,TUPUNGATO,19,1435.0,22,5685.0,11,4481.0
Mendoza,SANTA ROSA,21,644.0,22,2509.0,4,1897.0
Mendoza,LA PAZ,9,400.0,11,1499.0,3,1108.0
Misiones,GUARANI,105,3135.0,148,11433.0,62,8836.0
Misiones,CAPITAL,143,12645.0,130,47460.0,88,37696.0
Misiones,OBERA,98,4268.0,110,16152.0,68,12528.0
Misiones,CAINGUAS,86,2299.0,97,8762.0,61,6766.0
Misiones,GENERAL MANUEL BELGRANO,67,1938.0,84,6918.0,49,5169.0
Misiones,IGUAZU,78,3933.0,81,14290.0,31,10929.0
Misiones,SAN PEDRO,49,1480.0,80,5727.0,31,4161.0
Misiones,SAN IGNACIO,67,2326.0,80,8670.0,42,6716.0
Misiones,LEANDRO N. ALEM,55,1687.0,68,6082.0,42,4879.0
Misiones,LIBERTADOR GRL SAN MARTIN,56,1906.0,67,6927.0,30,5525.0
Misiones,25 DE MAYO,43,1144.0,66,4288.0,34,3286.0
Misiones,ELDORADO,59,3139.0,64,12100.0,32,9635.0
Misiones,SAN JAVIER,31,844.0,39,3294.0,8,2470.0
Misiones,APOSTOLES,31,1908.0,35,6783.0,19,5453.0
Misiones,MONTECARLO,34,1388.0,35,5313.0,18,4258.0
Misiones,CANDELARIA,24,1328.0,30,4979.0,14,3937.0
Misiones,CONCEPCION,14,372.0,20,1384.0,4,1152.0
Neuquén,CONFLUENCIA,147,13653.0,162,52500.0,89,42174.0
Neuquén,ZAPALA,26,1364.0,31,5480.0,9,4533.0
Neuquén,LACAR,19,1141.0,24,4460.0,9,3818.0
Neuquén,HUILICHES,17,700.0,19,2530.0,7,1973.0
Neuquén,CHOS MALAL,9,521.0,18,2162.0,4,1701.0
Neuquén,PEHUENCHES,10,1036.0,17,4093.0,9,3242.0
Neuquén,MINAS,10,316.0,17,1061.0,6,831.0
Neuquén,ÑORQUIN,8,181.0,13,646.0,5,522.0
Neuquén,ALUMINE,11,349.0,13,1208.0,6,1021.0
Neuquén,CATAN LIL,11,92.0,12,368.0,1,258.0
Neuquén,LONCOPUE,6,262.0,11,927.0,3,729.0
Neuquén,PICUNCHES,8,305.0,10,1097.0,3,793.0
Neuquén,LOS LAGOS,7,470.0,9,1861.0,6,1466.0
Neuquén,AÑELO,7,701.0,9,2480.0,6,1881.0
Neuquén,PICUN LEUFU,4,151.0,7,631.0,2,445.0
Neuquén,COLLON CURA,4,149.0,7,535.0,2,461.0
Río Negro,GENERAL ROCA,161,11314.0,168,43425.0,91,35515.0
Río Negro,BARILOCHE,74,4441.0,72,17315.0,48,13885.0
Río Negro,ADOLFO ALSINA,39,1818.0,34,7124.0,21,6046.0
Río Negro,AVELLANEDA,23,1347.0,28,4940.0,14,4126.0
Río Negro,SAN ANTONIO,15,1016.0,16,4166.0,8,3416.0
Río Negro,25 DE MAYO,9,587.0,14,1877.0,9,1607.0
Río Negro,PILCANIYEU,9,231.0,13,1107.0,5,821.0
Río Negro,PICHI MAHUIDA,8,566.0,11,1943.0,4,1439.0
Río Negro,ÑORQUINCO,4,45.0,9,141.0,3,127.0
Río Negro,CONESA,7,260.0,9,840.0,2,630.0
Río Negro,VALCHETA,5,134.0,8,457.0,4,367.0
Río Negro,EL CUY,8,200.0,8,901.0,8,675.0
Río Negro,9 DE JULIO,5,88.0,7,408.0,6,321.0
Salta,CAPITAL,185,18538.0,156,72054.0,128,59245.0
Salta,GENERAL JOSE DE SAN MARTIN,106,7050.0,108,25874.0,44,20452.0
Salta,RIVADAVIA,95,1699.0,103,6427.0,16,4929.0
Salta,ORAN,70,6038.0,66,22746.0,27,18047.0
Salta,ANTA,53,2456.0,55,9429.0,22,7601.0
Salta,SANTA VICTORIA,35,393.0,44,1436.0,7,1218.0
Salta,ROSARIO DE LERMA,35,1824.0,33,6604.0,10,5208.0
Salta,ROSARIO DE LA FRONTERA,29,1118.0,32,4146.0,10,3302.0
Salta,METAN,26,1649.0,27,5695.0,14,4488.0
Salta,GENERAL GUEMES,29,1804.0,27,6917.0,11,5526.0
Salta,IRUYA,18,260.0,24,930.0,6,785.0
Salta,SAN CARLOS,20,269.0,21,1102.0,5,812.0
Salta,CERRILLOS,22,2013.0,18,8047.0,9,6079.0
Salta,CHICOANA,18,798.0,18,3014.0,6,2568.0
Salta,CACHI,15,299.0,16,1236.0,6,883.0
Salta,MOLINOS,14,210.0,14,837.0,6,706.0
Salta,GUACHIPAS,8,136.0,10,403.0,2,332.0
Salta,CAFAYATE,10,545.0,10,2378.0,6,1887.0
Salta,LA CALDERA,12,360.0,9,1430.0,3,1076.0
Salta,LOS ANDES,9,322.0,8,1130.0,4,923.0
Salta,LA POMA,7,65.0,8,260.0,2,234.0
Salta,LA VIÑA,5,308.0,7,1108.0,3,909.0
Salta,LA CANDELARIA,7,235.0,7,904.0,3,755.0
San Juan,CAPITAL,56,2871.0,60,10619.0,54,9248.0
San Juan,RAWSON,37,4452.0,47,16891.0,23,14120.0
San Juan,RIVADAVIA,35,3186.0,35,11692.0,17,9610.0
San Juan,JACHAL,31,785.0,33,2781.0,27,2398.0
San Juan,POCITO,26,2741.0,27,10435.0,14,8555.0
San Juan,CHIMBAS,20,3724.0,26,13494.0,20,11469.0
San Juan,CAUCETE,23,1556.0,26,5636.0,20,5029.0
San Juan,SARMIENTO,23,1080.0,26,3853.0,20,3304.0
San Juan,25 DE MAYO,22,840.0,22,2998.0,17,2605.0
San Juan,SANTA LUCIA,17,2097.0,20,7756.0,8,6279.0
San Juan,VALLE FERTIL,19,282.0,20,963.0,19,801.0
San Juan,CALINGASTA,17,413.0,17,1476.0,14,1116.0
San Juan,IGLESIA,11,275.0,14,1084.0,10,908.0
San Juan,ALBARDON,13,1063.0,13,4253.0,8,3543.0
San Juan,SAN MARTIN,12,553.0,12,2165.0,5,1718.0
San Juan,ANGACO,12,357.0,12,1380.0,8,1164.0
San Juan,9 DE JULIO,5,490.0,5,1704.0,2,1390.0
San Juan,ULLUM,2,236.0,2,864.0,1,704.0
San Juan,ZONDA,2,241.0,2,881.0,2,729.0
San Luis,GENERAL JUAN MARTIN DE PUEYRREDON,94,7378.0,106,28921.0,111,27055.0
San Luis,GENERAL PEDERNERA,57,4412.0,68,17217.0,67,15346.0
San Luis,AYACUCHO,18,705.0,42,2770.0,40,2471.0
San Luis,JUNIN,21,1091.0,32,4272.0,39,3956.0
San Luis,BELGRANO,12,166.0,28,651.0,30,545.0
San Luis,LIBERTADOR GRL SAN MARTIN,12,133.0,27,445.0,33,444.0
San Luis,CHACABUCO,14,761.0,25,2742.0,27,2612.0
San Luis,CORONEL PRINGLES,13,434.0,24,1710.0,27,1641.0
San Luis,GOBERNADOR DUPUY,13,498.0,14,1708.0,17,1593.0
Santa Cruz,GUER AIKE,38,4350.0,47,16392.0,36,13731.0
Santa Cruz,DESEADO,37,4203.0,45,16156.0,31,13468.0
Santa Cruz,LAGO ARGENTINO,7,981.0,9,3312.0,8,2596.0
Santa Cruz,CORPEN AIKE,5,547.0,6,1949.0,6,1497.0
Santa Cruz,LAGO BUENOS AIRES,4,544.0,5,1616.0,4,1174.0
Santa Cruz,RIO CHICO,2,238.0,4,874.0,3,653.0
Santa Cruz,MAGALLANES,3,437.0,3,1739.0,3,1324.0
Santa Fe,ROSARIO,347,36883.0,347,136909.0,263,111326.0
Santa Fe,LA CAPITAL,196,16404.0,176,60178.0,131,51318.0
Santa Fe,GENERAL OBLIGADO,126,6367.0,149,22397.0,68,19095.0
Santa Fe,CASTELLANOS,127,5723.0,127,20593.0,54,17437.0
Santa Fe,SAN CRISTOBAL,107,2230.0,113,8274.0,46,6990.0
Santa Fe,LAS COLONIAS,98,3203.0,106,11728.0,43,10201.0
Santa Fe,GENERAL LOPEZ,95,5571.0,104,20764.0,60,17525.0
Santa Fe,VERA,84,1902.0,96,6546.0,29,5536.0
Santa Fe,9 DE JULIO,55,988.0,72,3636.0,16,3285.0
Santa Fe,SAN JERONIMO,52,2578.0,62,9086.0,27,7615.0
Santa Fe,SAN LORENZO,50,6225.0,58,22850.0,44,17689.0
Santa Fe,SAN MARTIN,46,1948.0,53,7148.0,22,5857.0
Santa Fe,IRIONDO,38,2142.0,50,7768.0,26,6189.0
Santa Fe,SAN JUSTO,46,1372.0,46,5112.0,17,4294.0
Santa Fe,CONSTITUCION,38,2535.0,45,9370.0,32,8501.0
Santa Fe,CASEROS,32,2173.0,37,8294.0,30,7108.0
Santa Fe,SAN JAVIER,33,1096.0,36,4011.0,14,3004.0
Santa Fe,BELGRANO,18,1365.0,26,4903.0,15,4293.0
Santa Fe,GARAY,19,843.0,22,2920.0,8,2238.0
Santiago del Estero,CAPITAL,140,10160.0,113,37231.0,97,30377.0
Santiago del Estero,BANDA,120,6003.0,105,21600.0,64,17110.0
Santiago del Estero,COPO,34,1344.0,77,4966.0,20,4367.0
Santiago del Estero,PELLEGRINI,52,964.0,69,3634.0,35,2937.0
Santiago del Estero,MORENO,46,1628.0,69,5635.0,22,5178.0
Santiago del Estero,FIGUEROA,52,773.0,68,2803.0,26,2471.0
Santiago del Estero,RIO HONDO,67,2272.0,68,8569.0,43,6856.0
Santiago del Estero,ALBERDI,37,776.0,59,2854.0,18,2369.0
Santiago del Estero,GENERAL TABOADA,42,1684.0,53,6042.0,10,5394.0
Santiago del Estero,AVELLANEDA,30,1026.0,52,3527.0,26,3231.0
Santiago del Estero,JUAN F IBARRA,31,747.0,47,3004.0,15,2585.0
Santiago del Estero,CHOYA,40,1408.0,47,5276.0,30,4520.0
Santiago del Estero,LORETO,52,748.0,45,3051.0,29,2561.0
Santiago del Estero,OJO DE AGUA,29,504.0,44,1714.0,10,1633.0
Santiago del Estero,QUEBRACHOS,27,502.0,43,1585.0,12,1324.0
Santiago del Estero,SALAVINA,29,430.0,39,1746.0,19,1654.0
Santiago del Estero,ROBLES,46,1938.0,39,7173.0,24,5982.0
Santiago del Estero,JIMENEZ,27,661.0,38,2376.0,31,2055.0
Santiago del Estero,SAN MARTIN,27,400.0,36,1602.0,19,1480.0
Santiago del Estero,ATAMISQUI,26,543.0,26,2168.0,14,1880.0
Santiago del Estero,GUASAYAN,18,337.0,23,1095.0,12,941.0
Santiago del Estero,RIVADAVIA,12,179.0,16,649.0,3,539.0
Santiago del Estero,SILIPICA,14,274.0,16,1173.0,14,1076.0
Santiago del Estero,SARMIENTO,9,182.0,16,722.0,8,624.0
Santiago del Estero,AGUIRRE,10,300.0,13,1064.0,6,941.0
Santiago del Estero,BELGRANO,7,372.0,12,1293.0,5,1074.0
Santiago del Estero,MITRE,5,35.0,9,143.0,4,160.0
Tierra del Fuego,RIO GRANDE,26,0.0,30,0.0,25,0.0
Tierra del Fuego,USHUAIA,25,0.0,29,0.0,26,0.0
Tierra del Fuego,TOLHUIN,3,219.0,3,832.0,2,662.0
Tierra del Fuego,ANTARTIDA ARGENTINA,1,0.0,1,0.0,0,0.0
Tucumán,CAPITAL,186,16533.0,138,60342.0,144,50598.0
Tucumán,CRUZ ALTA,89,7894.0,76,29374.0,52,23883.0
Tucumán,LEALES,71,2067.0,71,7892.0,43,6716.0
Tucumán,BURRUYACU,56,1531.0,57,6034.0,39,4942.0
Tucumán,SIMOCA,52,1142.0,52,4427.0,28,3591.0
Tucumán,TAFI VIEJO,58,5842.0,48,21744.0,39,17829.0
Tucumán,CHICLIGASTA,44,2897.0,41,10719.0,31,8977.0
Tucumán,MONTEROS,41,2452.0,38,9280.0,24,7910.0
Tucumán,LULES,35,3188.0,31,12694.0,23,9951.0
Tucumán,YERBA BUENA,34,3179.0,31,11860.0,26,10036.0
Tucumán,GRANEROS,30,553.0,30,1880.0,18,1613.0
Tucumán,RIO CHICO,32,2001.0,30,7740.0,26,6483.0
Tucumán,TRANCAS,25,772.0,25,2854.0,19,2478.0
Tucumán,TAFI DEL VALLE,22,655.0,24,2606.0,11,2135.0
Tucumán,FAMAILLA,24,1593.0,23,5489.0,15,4607.0
Tucumán,JUAN B ALBERDI,20,1045.0,19,4124.0,13,3462.0
Tucumán,LA COCHA,17,659.0,18,2557.0,13,2282.0
