id_biblioteca,nombre_biblioteca,id_depto,año_fundacion,dominio_email
938,Comité Cultural y Biblioteca Juan Francisco Ibarra,6854,1922.0,
200,Bib.Pop. Anastasio Prieto,6588,1980.0,
1850,Bib.Pop. José Ingenieros,6588,1933.0,
88,Bib.Pop. Adolfo Alsina,6007,1912.0,
1278,Bib.Pop. José Ingenieros,6007,1925.0,hotmail
1062,Bib.Pub. Bernardino Rivadavia,6014,1925.0,yahoo
2170,Bib.Pop. Dr. Victor H. Barrera,6014,1942.0,hotmail
1554,Bib.Pop. Andrés Vaccarezza,6021,1925.0,hotmail
90,Amigos de la Biblioteca Esteban Adrogué,6028,1918.0,
4001,Bib. Pop. La Margarita blanca,6028,1999.0,
3792,Bib.Pop. Mahatma Gandhi,6028,1980.0,tutopia
2870,Bib.Pop. Pablo Rojas Paz,6028,1969.0,gmail
3952,Bib.Pop. Manuel Belgrano del Barrio de Villa París,6028,1998.0,yahoo
4260,Bib.Pop. Fray Luis Beltrán,6028,2007.0,yahoo
2982,Bib.Pop.Soc.Fom. Martín Fierro,6028,1956.0,yahoo
3841,Bib. Pop. Atahualpa Yupanqui,6028,1999.0,gmail
3950,Bib.Pop. Gabriela Mistral,6427,1980.0,
2296,Bib.Pop. Bartolomé Mitre,6035,1932.0,yahoo
2543,Bib.Pop. José Mármol,6035,1940.0,yahoo
3063,Bib.Pop. Dr. Estanislao S. Zeballos,6035,2001.0,gmail
3561,Bib.Pop. Alfredo Palacios,6035,1996.0,yahoo
3824,Bib.Pub.Mun.Pop. de Avellaneda,6035,1919.0,hotmail
4136,Bib.Pop. Maestro Alfredo Bravo,6035,1980.0,yahoo
3908,Bib.Pop. Dock Sud,6035,1998.0,gmail
252,Bib.Pop. Juan Bautista Alberdi,6035,1918.0,hotmail
4086,Bib.Pop. Enrique del Valle Iberlucea,6035,2002.0,
217,Bib.Pop. Veladas de estudio después del trabajo,6035,1921.0,
3719,Bib.Pop. Presidente Avellaneda,6035,1987.0,yahoo
4192,Soc. Fom. y Cul. y Bib.Pop. Domingo Faustino Sarmiento,6035,1980.0,yahoo
3051,Soc.Fom. U. de Dom. y Bib.Pop. Nicolás Avellaneda,6035,1985.0,yahoo
911,Bib.Pop. Juan M. de Pueyrredón,6035,1922.0,
4265,Bib. Pop. Oscar Smith,6035,2008.0,yahoo
3193,Bib.Pub.Mun. Manuel Vilardaga,6042,,
83,Bib.Pop. Bartolomé J. Ronco,6049,,bibliotecaronco
111,Bib.Pop. Almafuerte,6049,1918.0,
2068,Bib.Pop. Asoc.Cult. de Chillar,6049,1939.0,yahoo
100,Bib.Pop. Bernardino Rivadavia,6056,,abrbp
1663,Bib.Pop. Bartolomé Mitre,6056,1922.0,yahoo
2790,Bib.Pop. Roberto Payro,6056,1960.0,
3392,Bib.Pop. Pajarita de papel,6056,1980.0,
3587,Bib.Pop. Eduardo Mallea,6056,1980.0,yahoo
3795,Bib.Pop. Don Germán García,6056,1996.0,yahoo
3929,Bib.Pop. Rosario Sur,6056,2000.0,yahoo
4022,Bib. Pop. Gabriela Mistral,6056,1996.0,yahoo
4137,Bib.Pop. Simón Rodriguez,6056,1980.0,gmail
4155,Bib. Pop. Villa Duprat,6056,1980.0,gmail
4256,BIb. Pop. Martín Allica,6056,2006.0,yahoo
2871,Bib.Pop. Mariano Moreno,6056,1963.0,
2841,Asoc. José Hernández,6056,1966.0,
1465,Bib.Pop. Mariano Moreno,6056,1925.0,gmail
3132,Bib.Pop. Ing. Domingo Pronsato,6056,1989.0,yahoo
1021,Bib.Pub. Pablo A. Pizzurno,6063,1923.0,yahoo
1469,Bib.Pop.Mun. Fray Luis de Bolaños,6070,,
2159,Bib.Pop. José Manuel Estrada,6070,1919.0,
3718,Bib.Pop. Mario Bravo,6070,1980.0,
2688,Bib.Pop.Mun. Teniente Gral. Bme. Mitre,6077,1939.0,yahoo
2723,Bib.Pop. Juan J. Bernal Torres,6084,1946.0,gmail
1280,Bib.Pop. Manuel Belgrano,6091,1924.0,hotmail
3046,Bib.Pop. Padre Carlos Mugica,6091,1986.0,hotmail
4075,Bib.Pop. Juan María Gutierrez,6091,2002.0,hotmail
3033,Bib.Pop. José Ingenieros,6091,1984.0,yahoo
4169,Bib.Pop. y Cent. Victoria Ocampo,6091,1980.0,yahoo
1864,Bib.Pop. Pestalozzi,6098,1935.0,gmail
2082,Bib. Pop. Mariano Moreno,6098,1944.0,
2473,Bib.Pop. Ricardo Güiraldes,6098,1949.0,yahoo
2490,Bib.Pop. Almafuerte,6098,1943.0,
2492,Bib.Pop. Mariano Moreno,6098,1980.0,
3692,Bib.Pop. Presbítero Pascual Ruberto,6098,1995.0,hotmail
2318,Bib.Pop. Belisario Roldán,6098,1947.0,
93,Bib.Pop. Bernardino Rivadavia,6105,1911.0,yahoo
1478,Bib.Pop. D.F.Sarmiento,6105,1926.0,yahoo
3801,Bib.Pop. María Alcira Cabrera,6105,1972.0,
1769,Bib.Pop. D.F.Sarmiento,6105,1933.0,yahoo
2191,Bib.Pop. Manuel Belgrano,6112,1943.0,yahoo
3749,Bib.Pop. Florencio López,6112,1997.0,
1857,Bib.Pop. Bernardino Rivadavia,6112,1926.0,
2135,Bib.Pop. José Ingenieros,6021,1940.0,live
4142,Bib.Pop. José Ignacio Warnes,6112,1980.0,yahoo
1676,Bib.Pop. José de San Martín,6119,1932.0,
4166,Bib.Pop. Dr. Frutos Enrique Ortiz,6119,1980.0,hotmail
4024,Bib.Pop. Jeppener,6119,2002.0,
3468,Bib. Pop. Pilar A. de Traverso,6126,1992.0,yahoo
1266,Bib.Pop. D.F.Sarmiento,6134,1927.0,hotmail
3900,Bib.Pop. Barrio San Esteban,6134,1980.0,yahoo
1002,Bib.Pop. Almafuerte,6140,1923.0,hotmail
2861,Bib.Pop. José Ingenieros,6147,1963.0,gmail
4289,Bib.Pop. El Libro Alegre,6147,2009.0,hotmail
3045,Bib.Pop.Esc. Dr. Enrique Smith,6147,1984.0,
268,Bib.Pop. Roque Saénz Peña,6154,1916.0,yahoo
258,Bib.Pop. Bernardino Rivadavia,6154,1920.0,servicoopsa
270,Bib.Pop. Juan Bautista Alberdi,6161,1914.0,yahoo
2264,Bib.Pop. Juan José Castelli,6168,1940.0,yahoo
1381,Bib.Pop. D.F.Sarmiento,6210,1907.0,
222,Bib.Pop. Guillermo Rawson,6210,1920.0,
113,Bib.Pop. D.F.Sarmiento,6217,,yahoo
3038,Bib.Pop.Soc.Fom. Nuestra Señora de Luján,6217,1982.0,hotmail
3189,Bib.Pub. San José Obrero,6217,1986.0,yahoo
3631,Bib.Pop. Ambulante y Rural de Chascomus,6217,1994.0,hotmail
3890,Bib.Pop. del Ipora Padre Luis Sánchez,6217,1997.0,yahoo
105,Bib.Pop. Dr. Antonio Novaro,6224,,hotmail
3571,Bib.Pop. Esc. Ing. Luis Luiggi,6182,1994.0,
4334,Bib.Pop. Puntaltense Mercedes de San Martín,6182,2002.0,gmail
1312,Bib.Pop. Coronel Dorrego,6189,1928.0,
3483,Bib.Pop. de José A. Guisasola,6189,1982.0,gmail
1347,Bib.Pop. Florentino Ameghino,6189,1928.0,altisa
2225,Bib.Pop. Pringles,6196,1932.0,
101,Bib.Pop. D.F.Sarmiento,6203,1915.0,yahoo
3591,Bib.  Infantil de Coronel Suarez,6203,1991.0,gmail
3894,Asoc.Bib.Pop.Púb.Esc. Dr. Baldomero Fernández Moreno,6203,1969.0,gmail
1883,Bib.Pop. Mariano Moreno,6175,1920.0,
1770,Bib.Pop. Juan Bautista Alberdi,6182,1933.0,gmail
3364,Bib.Pop. Dr. Ricardo Gutierrez,6182,1980.0,hotmail
118,Bib.Pop. Gral. San Martín,6238,1945.0,
167,Bib.Pop. Mariano Moreno,6245,1917.0,
1620,Bib.Pop. Gral. José de San Martín,6245,1932.0,
2151,Bib.Pop.Pub. Bartolomé Mitre,6245,1924.0,
3647,Bib.Pub.Pop.Mun. B. Fernández Moreno,6245,1957.0,
4065,Bib.Pop. Osvaldo H. Merlo,6245,1980.0,yahoo
1673,Bib.Pop. Bernardino Rivadavia,6252,1932.0,gmail
861,Bib.Pop. Juan Bautista Alberdi,6252,1929.0,yahoo
2843,Bib.Pop. Florentino Ameghino,6260,1964.0,gmail
1733,Bib.Pop. Bernardino Rivadavia,6260,1932.0,
3452,Biblioteca Popular El Principito,6260,1980.0,
4357,Soc. de Fom. y Bib. Pop. del Bo. Parque El Trébol,6270,1993.0,gmail
2810,Bib.Pop. D.F.Sarmiento,6270,1959.0,yahoo
3522,Bib. Pop. Lisandro de la Torre,6274,1995.0,
123,Bib.Pop. Del Centro Cult. Sarmiento,6274,1920.0,yahoo
3158,Bib.Pop. Almafuerte,6274,1985.0,yahoo
3499,Bib.Pop. Guillermo Enrique Hudson,6274,1980.0,hotmail
3891,Bib. Pop. Dr. Florencio Varela,6274,1999.0,
3926,Bib.Pop. Hugo del Carril,6274,1980.0,gmail
4051,Bib.Pop. Santo Tomás de Aquino,6274,1980.0,yahoo
4242,Asoc. Cult. y Bib. Pop. Dr. Ernesto de Muro,6274,2004.0,live
3916,Cen. Cult.  y Bib.Pop. Poetisa Alfonsina Storni,6274,2000.0,
4170,Bib. Pop. Florencio Sánchez,6274,1980.0,yahoo
3767,Bib.Mun.Pop. Eloisa M. Rissoli,6280,1997.0,
3518,Bib.Pop.Mun. General José de San Martín,6280,1976.0,yahoo
131,Bib.Pop. Florencio Balcarce,6287,1915.0,yahoo
1707,Bib.Pop. Bernardino Rivadavia,6294,1932.0,
4119,Bib.Pop. Domingo Faustino Sarmiento de Ascención,6294,2003.0,
276,Bib.Pop. Carlos Guido Spano,6308,1980.0,
2789,Bib.Pop. José Hernández del Club Deportivo El León,6315,1944.0,
2914,Bib.Pop. Presidente Mitre,6322,1944.0,yahoo
174,Bib.Pop. Felipe de Robles (h,6329,1914.0,
3292,Bib.Pop.Pub.Mun. General Lavalle,6336,1974.0,hotmail
3633,Bib.Pop.Esc. Antártida Argentina,6351,1996.0,yahoo
126,Bib.Pop. D.F.Sarmiento,6351,1913.0,
2824,Bib. Esc. Pop. Ricardo Rojas,6351,1961.0,
3922,Bib. Pop. Juan XXIII,6351,2000.0,hotmail
2697,Bib.Pop. Juventud Moderna,6357,1911.0,
3476,Bib.Pop.y C.Cult. Mar del Plata,6357,1994.0,
3836,Bib.Pop. Juan Domingo Perón,6357,1980.0,
4076,Bib.Pop. Barrio Santa Rita,6357,1980.0,
4122,Bib.Pop. y Cen.Cul. Centenario,6357,1996.0,
4349,Bib.Pop. El Desafío para Crecer,6357,2014.0,
2063,Bib.Pop. Leandro N. Alem,6364,1936.0,
2501,Bib. Pop. Mariano Moreno,6385,1939.0,yahoo
4280,Bib.Pop. Minchekewun,6385,2011.0,
3724,Bib.Esc.Pop. José Manuel Estrada,6392,1961.0,yahoo
3196,Bib.Pop.Pub.Mun. Dolores A. Cirio de Busso,6392,1991.0,cseca
3194,Bib.Pop.Pub.Mun. D.F.Sarmiento,6392,1935.0,servicoopsa
3197,Bib.Pop.Pub.Mun. Benito Lynch,6392,1979.0,servicoopsa
3339,Bib.Púb. Municipal Fortín de Gainza,6392,1991.0,hotmail
3925,Bib.Pop. Angela A.B. de Abraham,6399,2000.0,
3715,Bib. Pop. José Hernández,6399,1980.0,yahoo
4069,Bib.Pop. Dardo Nepomuceno Arditi Rocha,6399,2000.0,hotmail
4177,Bib.Pop. Dra. Alicia Teresa Morales,6399,1980.0,yahoo
2998,Bib.Pub. Mariano Moreno,6399,1956.0,
1248,Bib.Pop. Almafuerte,6406,1922.0,yahoo
2923,Bib.Pop.Soc.Fom. Julián Aguirre,6408,1975.0,
3621,Bib.Pop. Alfredo L. Palacios,6408,1980.0,yahoo
4002,Soc.y Bib.Pop. La tradición,6410,2000.0,yahoo
139,Bib.Pop. Olegario V. Andrade,6413,1909.0,
1054,Bib.Pop. Paz y trabajo,6413,1923.0,
1412,Bib.Pop. Pedro Aguilera,6413,1928.0,
1454,Bib.Pop. Esteban Echeverría,6413,1930.0,
1809,Bib.Pop. 9 de Julio,6413,1933.0,gmail
1874,Bib.Pop. Manuel Belgrano,6413,1929.0,hotmail
4389,Bib. Pop. Pio Soberano,6413,2022.0,gmail
3928,Bib.Pop. Juan Bautista Alberdi,6413,1940.0,
3696,Bib.Pop. Las Toninas,6420,1985.0,yahoo
3574,Bib.Pop. Vito Dumas,6420,1992.0,yahoo
4368,Bib. Pop.Dr. José María Sobral,6420,2005.0,yahoo
3910,Bib.Pop. Juan XXIII,6420,1980.0,
4125,Soc.Fo.y Bib.Pop. El Tala,6420,1980.0,educar
3128,Bib.Pub. Alfonsina Storni,6420,1980.0,hotmail
2880,Bib.Pop. Alfonsina Storni,6427,1963.0,
4299,Bib.Pop. y Ctro Cult. José M. Estrada,6427,1976.0,hotmail
3241,Bib.Pop. Ceferino Namuncura,6427,1980.0,
3293,Bib.Pop. Delia C. de Armagno,6427,1980.0,gmail
4182,Bib.Pop. Rotaria,6427,1980.0,yahoo
4010,Bib.Pop. Amigos de La Tablada,6427,1998.0,yahoo
4228,Bib.Pop. Almafuerte de Rafael Castillo,6427,1980.0,hotmail
3921,Bib.Pop. Tinkunaku-Lugar de encuentro,6427,2000.0,yahoo
3203,Bib.Pop. Almafuerte,6427,1993.0,yahoo
3762,Bib. Pop. Villa Sahores,6427,1999.0,yahoo
4338,Bib.Pop. de la Imagen (CEIC),6427,2003.0,gmail
1880,"Centro Cultural y Recreativo, Bib.Pop. Mariano Moreno",6427,1930.0,yahoo
3730,Bib. Pop. Madre Teresa,6427,1998.0,
3913,Bib.Pop. Trabajadores del Yaguané,6427,1999.0,
4041,Bib. Pop. Virrey del Pino,6427,1999.0,yahoo
2585,Bib.Pop. Florentino Ameghino,6441,1936.0,yahoo
3736,Bib.Pop. José Hernández,6441,1997.0,
165,Bib.Pop. Florentino Ameghino,6441,1918.0,yahoo
1483,Bib.Pop. Bernardino Rivadavia,6441,1915.0,
1747,Bib.Pop. Dr. Nicolás Avellaneda,6441,1927.0,
1830,Bib.Pop. Joaquín V. González,6441,1903.0,
1973,Bib. Euforión,6441,1927.0,
2069,Bib.Pop.Gral. San Martín,6441,1936.0,hotmail
2098,Cen. de Fom. M. V y Bib.Pub.Pop. Enrique Gonino,6441,1929.0,hotmail
2127,Bib.Pop. Luis A. Repetto,6441,1941.0,gmail
2323,Bib. Pop. Florentino Ameghino,6441,1945.0,hotmail
2436,"Bib.Pop. Juan Vucetich, C.C. Y Dep. Aconcagua",6441,1944.0,gmail
2498,Bib.Pop. Mario L. Sureda,6441,1947.0,
2546,Bib.Pop. Mariano Moreno,6441,1939.0,
2644,Bib.Pop. Dardo Rocha,6441,1954.0,
2757,Bib.Pop. Bernardo de Monteagudo,6441,1940.0,
3313,Bib.Pub. Central Gral. José de San Martín,6441,1950.0,
3681,Bib.Pop. E. S. Discépolo para la Cult.Nac.,6441,1980.0,
3717,Bib. Pop. Homero Manzi,6441,1980.0,gmail
3786,Bib.Pop. Instituto Platense de Cult. Hispánica,6441,1960.0,
3877,Asoc.Cult.Bib.Pop. Vida y Lucha de Elizalde,6441,1993.0,yahoo
3954,Casa del Tango y Bib.Pop. Carlos Gardel,6441,1980.0,hotmail
4140,Cen. y Bib.Pop. Carlos Bormida,6441,2001.0,yahoo
4171,Cent.Cu. Y Bib.Pop. Enlazando palabras,6441,1980.0,hotmail
4288,Bib.Pop. Del otro lado del árbol,6441,2011.0,hotmail
4376,Bib.Pop. La Chicharra,6441,2007.0,gmail
2271,Bib.Pop.Bartolomé Mitre,6441,1933.0,yahoo
3211,Bib.Pop. Dr. Roman S. Harosteguy,6441,1980.0,yahoo
3956,Com.Vec.y Bib.Pop. Gonnet Bell,6441,1995.0,
1920,Bib. Pop. Mariano Moreno,6441,1936.0,hotmail
2438,Bib.Pop. D.F.Sarmiento,6441,1923.0,
4066,Bib. Pop. Tupac Amaru infantil y juvenil,6441,1999.0,yahoo
249,Bib.Pop. Alejo Iglesias,6441,1920.0,
4117,Cen. y Bib.Pop. Osvaldo Pugliese,6434,1999.0,
150,Bib.Pop. Libertador San Martín,6434,1917.0,
2713,Bib. Pp. Soc. Bomberos Voluntarios de Lanús,6434,1945.0,
3448,Bib.Pop.Mun. Mariano Moreno,6434,1994.0,
4021,Bib.Pop. Olga Cossettini,6434,2001.0,
3431,Bib.Pop. Florentino Ameghino,6434,1980.0,hotmail
3649,Bib.Pop. Mariano Moreno,6434,1997.0,
4135,Bib.Pop. Monte Chingolo,6434,1980.0,gmail
2676,Bib.Pop. Alberdi,6434,1919.0,gmail
2767,Bib.Pop. Dr. E. Angel Barriocanal,6434,1955.0,yahoo
3828,Bib. Pop. Juan B. Justo,6434,1930.0,hotmail
294,Bib.Pop.y Soc.Fom. D.F.Sarmiento,6434,1918.0,yahoo
1706,Bib.Pop. 1 de Mayo,6434,1914.0,hotmail
2134,Bib.Pop. Laprida,6448,1940.0,yahoo
1326,Bib.Pop. 25 de Mayo,6455,1928.0,
87,Bib.Pop. D.F.Sarmiento,6462,1916.0,live
3153,Bib.Pop. Mariano Moreno,6462,1988.0,hotmail
2872,Bib.Pop.Mun. Esteban Echeverría,6462,1961.0,yahoo
2366,Bib.Pop. José M. Estrada,6469,1945.0,
1684,Bib.Pop. Bartolomé Mitre,6469,1932.0,hotmail
2729,Bib. Pop. D. F. Sarmiento,6469,1958.0,yahoo
3442,Bib.Pop. Fortín de la Cult. El triunfo,6469,1980.0,
3946,Asoc.Bib.Pop.Mun. Jullian de Castiglioni,6469,1980.0,
177,Bib.Pop.Mun. D.F.Sarmiento,6469,,hotmail
279,Bib.Pop. D.F.Sarmiento,6476,1918.0,
1232,Bib.Pop. José Ingenieros,6469,1926.0,
3622,Bib.Pop. San Manuel,6476,1993.0,gmail
122,Bib.Pop. Rivadavia,6483,1920.0,
175,Bib.Pop. D.F.Sarmiento,6483,1912.0,yahoo
1193,Bib.Pop. Albino Capponi,6483,1902.0,yahoo
3796,Bib.Pop. Héroes de Malvinas,6483,1980.0,
3865,Bib.Pop. Alfonsina Storni,6490,1980.0,
3149,Bib.Pop.Soc.Fom. Roberto Arlt,6490,1980.0,
3979,Bib. Pop. Leopoldo Marechal,6490,1980.0,
4196,Bib.Pop. Escritores Argentinos,6490,1980.0,yahoo
173,Bib. Pop. Antonio Mentruyt,6490,1900.0,gmail
3404,Bib.Pop.E Inst.Cult. Juan María Gutierrez,6490,1938.0,
4115,Bib.Pop. Julio Cortázar de Lomas Este,6490,2002.0,yahoo
4121,Bib.Pop. de la ciudad,6490,2003.0,gmail
2401,Bib.Pop. Vicente Longhi,6490,1980.0,hotmail
3754,Bib.Pop. San José,6490,1980.0,yahoo
3823,Bib.Pop. Tito Brandsma,6490,1980.0,
4008,Bib.Pop. San Juan,6490,2000.0,hotmail
4340,Bib.Pop. de Carlos Keen,6497,2001.0,gmail
168,Bib. Pop.  Ameghino,6497,1914.0,gmail
3182,Bib. Obrera Jean Jaures,6497,1918.0,
3656,Bib.Pop. Ernesto Sábato,6497,1996.0,
1257,Bib.Pop. Juan Bautista Alberdi,6497,1926.0,hotmail
4219,Bib.Pop. Edmundo Girardengo,6505,2008.0,gmail
3351,Bib.Pop.Mun. Juan José Elizondo,6511,1966.0,
2931,Bib.Pop. William C.Morris,6515,1975.0,yahoo
4262,Bib. Pop. El Cruce de Papel,6515,2007.0,
3668,Bib.Pop. Pablo Nogués,6515,1998.0,hotmail
3785,Bib.Pop. de los Polvorines,6515,1998.0,gmail
4151,La esperanza del Callao y Biblioteca Popular,6515,1980.0,
4241,Bib.Pop. José Ma. Viglietti,6518,1977.0,yahoo
1998,Bib.Pop. Gral. San Martín,6525,1936.0,gmail
194,Bib.Pop. D.F.Sarmiento,6532,,hotmail
3243,Bib.Pop. Malvinas argentinas,6028,1986.0,
3303,Bib.Pop. Perito Moreno,6539,1991.0,
4199,Bib.Pop. Manuel Galvez,6539,1980.0,
3949,Bib.Pop. Génesis,6539,1980.0,
3999,Bib. Pop. Ricardo Guiraldes,6539,2000.0,bibliotecaguiraldes
3805,Asociación Cooperadora de la Biblioteca José Manuel Estrada de Abbott,6547,1980.0,
2662,Bib.Pop.Mun. Manuel Belgrano,6547,1950.0,hotmail
3315,Bib.Pop. Monte Hermoso,6553,1980.0,
4139,Bib.Pop. Vicky,6560,2000.0,
2673,Bib.Pop. Vicenta Castro Cambón,6560,1954.0,live
3944,Bib.Pop.Casa.Cult. Barrio Parque San Carlos,6560,2000.0,
4336,Bib.Pop. Almafuerte de Barrio Guemes,6560,2008.0,gmail
3886,Asoc.Civ.Bib.Pop. El Cobijo,6560,2000.0,
4134,Bib. Pop. San José Obrero,6560,1980.0,gmail
2243,Bib.Pop. Mariano Moreno,6560,1916.0,cbmm
3248,Bib.Pop. Horacio Quiroga,6560,1980.0,hotmail
4003,Bib.Pop. El centro y los chicos,6560,1980.0,
2804,Bib.Pop. Ciudad de Paso del Rey,6560,1958.0,hotmail
4106,Sociedad de fomento San Pedro y Biblioteca Popular OLEGARIO VICTOR ANDRADE,6560,1958.0,
1391,Bib.Pop. 9 de Julio,6560,1929.0,
2324,Bib.Pop. Juan Manuel Giufra,6560,1945.0,hotmail
4040,Bib. Pop. Arturo Jauretche de El Palomar,6560,2001.0,yahoo
3049,Bib.Pop.Pub. Rosario Vera Peñaloza,6560,1971.0,
4274,Bib.Pop. Parlante Sur,6560,1999.0,hotmail
3012,Bib.Pop. José Hernández,6568,1964.0,
3901,Asoc.y Bib.Pop. Juan Salvador Gaviota,6568,1997.0,hotmail
3885,Bib. Pop. y Ctro. Cult. Almafuerte,6574,1980.0,yahoo
195,Bib.Pop.Pub. José R. de Erenchun,6574,1907.0,copesnet
2277,Bib.Pop.Pub. José Hernández,6581,1980.0,
197,Bib.Pop. Andrés Ferreyra,6581,1980.0,
1309,Bib.Pop. José M. Estrada,6581,1926.0,arnet
1710,Bib.Pop. D.F.Sarmiento,6581,1932.0,
3552,Bib. Pop. de Quequén,6581,1980.0,hotmail
135,Bib.Pop. D.F.Sarmiento,6595,1980.0,
201,Bib.Pop. Ferroviaria M.Gandhi,6595,1904.0,hotmail
202,Bib.Pop. Armando Collinet,6595,1909.0,
3652,Bib. Pop. Héctor N. Amoroso,6595,1996.0,yahoo
3811,Bib.Pop. Independencia,6595,1998.0,hotmail
3889,Bib.Pop. 1 de Mayo,6595,1980.0,
4176,Bib.Pop. Coty Laborde,6595,1980.0,
4371,Bib.Pop. Vecinal Don Helios Eseverri,6595,2010.0,
3939,Bib.Pop. Sierra Chica,6595,1999.0,
2371,Bib. Pop. Sierras Bayas,6595,1948.0,yahoo
4384,BP Del Otro Lado del Arbol,6595,2021.0,gmail
1246,Bib.Pop. Cervantes,6602,1927.0,yahoo
2646,Bib.Pop. Nuestra Señora de Luján,6609,1952.0,live
1633,Bib.Pop. D.F.Sarmiento,6609,1931.0,
215,Bib.Pop. Bernardino Rivadavia,6609,1910.0,gmail
3255,Bib.Pop. Dr. Dardo Rocha,6609,1993.0,yahoo
2073,Bib.Pop. Bartolomé Mitre,6616,1914.0,
1977,Bib.Pop. Melchor Echague,6623,1933.0,
1743,Bib.Pop. Almafuerte,6623,1926.0,hotmail
213,Bib.Pop.Pub.Mun. Dr. Menéndez,6623,1900.0,yahoo
1452,Bib.Pop. José Manuel Estrada,6623,1929.0,
3966,Bib.Pop. P.U.M.A.,6638,2002.0,yahoo
4250,Bib. Pop. Javier Velázquez,6638,2007.0,yahoo
4366,Bib.Pop. y Casa de la Cult. Estación Manzanares,6638,2001.0,hotmail
898,Bib.Pop. Bartolomé Mitre,6638,1922.0,yahoo
4344,Bib.Pop. Palabras del Alma,6638,2008.0,gmail
2984,Bib.Pop. Presidente Derqui,6638,1978.0,
3912,Bib.Pop. de Ostende,6644,1980.0,
2887,Bib.Pop. Manuel Belgrano,6644,1970.0,telpin
3968,Casa de la Cult. y Bib.Pop. José Hernández,6651,1990.0,yahoo
4222,Bib.Pop. Sur,6651,1988.0,yahoo
2158,Bib.Pop. Bernardino Rivadavia,6651,1930.0,
2209,Bib.Pop. Mariano Moreno,6655,1941.0,
98,Bib.Pop. José Manuel Estrada,6658,1980.0,
1988,Mariano Moreno,6658,1932.0,
3984,Bib.Pop. Fundaterra,6091,1980.0,yahoo
2090,Bib.Pop. de Don Bosco,6658,1972.0,hotmail
3752,Bib.Pop. de Ezpeleta Alfonsina Storni,6658,1998.0,yahoo
3878,Bib.Pop. Atahualpas,6658,1980.0,
2788,Bib.Pop. Pedro Goyena,6658,1959.0,yahoo
3969,Bib. Pop. Los Cooperarios,6658,2000.0,yahoo
4156,Asoc.y Bib.Pop. Dr. Juan Martín Vilaseca,6658,1980.0,gmail
4311,Bib.Pop. del Río de Quilmes,6658,2011.0,yahoo
3040,Bib.Pop. Juan Bautista Alberdi,6028,1984.0,
3585,Bib.Pop. Joan Rico de Bahia,6028,1994.0,
3793,Bib.Pop. Rincón de luz,6665,1999.0,
2554,Bib.Pop. José Manuel Estrada,6665,1951.0,
3794,Bib.Pop. Carlos Angel González,6665,1999.0,
3157,Bib.Pop. Fortunato Zampa,6665,1995.0,hotmail
221,Bib.Pop. Guido y Spano,6672,1920.0,gmail
4205,Ropero Comunitario y Bib. Pop. Eva Perón,6672,2001.0,yahoo
3697,Bib.Mun.Pop. Dr. Tomás Jofre,6679,1980.0,gmail
3829,Bib.Pop. Juan Bautista Alberdi de Rojas,6686,1932.0,
2341,Bib. Pop. Esteban Echeverría,6693,1946.0,yahoo
262,Bib.Pop. Juan Bautista Alberdi,6700,1942.0,
210,Bib.Pop. D.F.Sarmiento,6700,1914.0,gmail
236,Bib.Pop. Juan Bautista Alberdi,6700,1916.0,yahoo
2428,Bib.Pop.Mun. Bartolomé Mitre,6707,1980.0,
4127,Bib.Pop. Renacer,6714,1980.0,hotmail
233,Bib.Pop. Dr. Tristán G. Lobos,6714,1901.0,
232,Bib.Pop. Alberdi,6728,1980.0,
230,Bib.Pop. Belgrano,6735,2006.0,hotmail
2815,Bib.Pop. Mariano Moreno,6735,1957.0,yahoo
2115,Bib.Pop. Bernardino Rivadavia,6742,1940.0,
3403,Bib.Pop. D.F.Sarmiento,6742,1980.0,
3659,Bib.Pop. Delta del Paraná (Bibliolancha,6749,1997.0,
231,Bib.Pop. Juan N. Madero,6749,,gmail
3743,Bib.Pop.y Soc.Fom. Santa Genoveva,6749,1980.0,
3790,Bib. Pop. de San Fernando Leopoldo Murcho,6749,1980.0,
2022,Bib.Pop. Rómulo S. Naón,6749,1939.0,gmail
4030,Bib.Pop. Dra. Alicia Moreau de Justo,6749,2000.0,
4031,Bib.Pop. La Casa de las palabras,6749,2001.0,
3060,Bib.Pop. Club de madres de B.Sauce,6756,1980.0,
4061,Bib.Pop.y Ctro. Cultural de Beccar,6756,1982.0,
4188,Bib.Pop. Cava Joven,6756,1980.0,yahoo
192,Bib.Pop. Bernardino Rivadavia,6756,1913.0,
223,Bib.Pop. Juan M. de Pueyrredón,6756,,
3690,Bib.Pop. de la Ribera,6756,1980.0,
3866,Bib.Pop. La Calabria Popular,6756,1980.0,
287,Bib.Pop. Gral. San Martín,6371,1914.0,yahoo
4175,Bib.Pub.Pop. Parlante Nuevo Ser,6371,1980.0,hotmail
4393,La Carcova,6371,2022.0,
3628,Bib. Pop. Roberto Clemente,6371,1980.0,
3960,Bib.Pop. Martín Fierro,6371,1980.0,
1242,Bib.Pop. Juan Bautista Alberdi,6371,1927.0,gmail
2830,Bib.Pop. Maestro Diego Pombo,6371,1964.0,gmail
4178,Bib.Pop. Profesor Carlos Serraz,6371,1980.0,hotmail
1178,Bib.Pop. Bernardino Rivadavia,6371,1925.0,yahoo
3473,Bib.Pop. Maestra María Silva,6371,1945.0,hotmail
3728,Bib.Esc.Pop. Fray Mocho,6371,1980.0,
3994,Bib. Pop. Rioplatense,6371,2000.0,hotmail
4071,Bib.Pop. y Cen.Cul Villa Humberto,6371,1980.0,
4073,Bib.Pop. José Murillo,6371,1980.0,yahoo
3644,Bib.Pop. Hist. E. I. Munzon,6760,1996.0,hotmail
3658,Bib.Pop.y C.Rec. Entre todos,6760,1995.0,yahoo
4212,Bib.Pop. y Cen. Recr. El faro,6760,1980.0,gmail
125,Bib.Pop.Mun. D.F.Sarmiento,6760,1913.0,hotmail
2691,Bib.Pop. Rafael de Aguiar,6763,1947.0,
4116,Bib. Pop. Barrio del Carmen,6763,2000.0,gmail
226,Bib.Pop. Rafael Obligado,6770,,
1228,Bib.Pop. D.F.Sarmiento,6770,1927.0,gmail
997,Bib.Pop. D.F.Sarmiento,6778,1923.0,yahoo
1921,Bib.Pop. Bartolomé Mitre,6778,1936.0,
1502,Bib.Pop.y Museo José Manuel Estrada,6784,1930.0,yahoo
4367,Bib.Pop. La Vieja Escuela,6791,2011.0,gmail
1627,Bib.Pop. José Ingenieros,6791,1932.0,
238,Bib.Pop. Juan Bautista Alberdi,6791,1916.0,yahoo
240,Bib.Pop. Bernardino Rivadavia,6791,1908.0,hotmail
1194,Bib.Pop. Juan Antonio Salceda,6791,1919.0,
3001,Biblioteca Popular Sarmiento- Villa Italia- Tandil,6791,1980.0,yahoo
3010,Bib.Pop. Ernesto Valor,6791,1978.0,hotmail
3075,Bib.Pop. Juan L. Vatuone,6791,1984.0,yahoo
3302,Bib.Pop.Mun.Asoc.A. Sala abierta de lectura Inf-Juv,6791,1988.0,
3802,Bib.Pop. Paula Albarracín de Sarmiento,6791,1998.0,yahoo
3906,Bib.Pop. Bepo Ghezzi,6791,1999.0,gmail
3945,Bib.Pop. Monseñor Luis J. Actis,6791,1995.0,
4132,Bib. Pop. de las Mujeres,6791,1980.0,
4230,Bib. Pop. Martín Fierro,6791,1980.0,
3173,Bib.Pop.Mun. José Hernández,6798,1980.0,tapalque
3050,Bib.Pop. Ricardo Güiraldes,6805,1985.0,netben
3689,Bib.Pop. José Ingenieros,6805,1993.0,hotmail
4005,Bib. Pop. Mariano Moreno,6805,1980.0,hotmail
4319,Bib.Pop. y Museo del Cine Leonardo Favio,6805,2008.0,
3318,Bib.Pop.y C.Cult. El talar,6805,1992.0,yahoo
2863,Bib.Pop. Juan José Castelli,6805,1969.0,
3650,Bib. Pop. Unión de Educ. de Tigre,6805,1980.0,
3768,Bib.Pop. Lopez Camelo,6805,1999.0,
3475,Bib.Pop. Ricardo Rojas,6805,1996.0,
957,Bib.Pop. D.F.Sarmiento,6805,1916.0,
4216,Bib.Pop. Troncos del Talar,6805,2003.0,yahoo
4292,Ctro. Cult. Com. y Bib. Pop. Caraguatá,6805,2008.0,yahoo
4352,Bib. Pop. Seamos Libres,6805,2014.0,yahoo
3770,Bib.Mun.Pop. José Manuel Estrada,6812,1980.0,
3262,Bib.Pop. Gral. San Martín,6819,1980.0,gmail
3296,Bib.Pop. Mariano Moreno,6819,1993.0,gmail
966,Bib.Pop. Ernesto Tornquist,6819,1917.0,yahoo
4120,Bib.Pop. Macedonio Fernández,6819,2001.0,gmail
244,Bib.Pop.Pub. Rivadavia,6826,1903.0,yahoo
2405,Bib.Pop. Bartolomé Mitre,6826,1937.0,
3837,Bib.Pop. Dr. Bernardo A. Houssay,6833,1971.0,yahoo
3616,Bib.Pop. Almafuerte,6833,1963.0,
4017,Bib.Pop. Luz y Cultura,6833,1935.0,hotmail
1299,Bib.Pop.Pub. Amigos del libro,6833,1927.0,hotmail
3383,Bib.Pop. Un mundo de libros,6833,1994.0,3net
3267,Bib.Pop. San Francisco de Bellocq,6833,1993.0,yahoo
259,Bib.Pop. D.F.Sarmiento,6833,,3net
1388,Bib.Pop. José Ingenieros,6833,1930.0,gmail
4221,Bib. Pop. La tranquera,6833,1980.0,hotmail
4348,Bib.Pop. Hugo Delgiorgio,6833,2006.0,gmail
115,Bib.Pop. Juan Bautista Alberdi,6840,1914.0,yahoo
1028,Bib.Pop. Bartolomé Mitre,6840,1921.0,gmail
2275,Bib. Pop. Patria y labor,6840,1944.0,hotmail
3727,Bib.Pop. 15 de Agosto,6840,1997.0,hotmail
4193,Bib.Pop. General San Martín,6840,1946.0,gmail
4020,Bib. Pop. Ciudad Jardín,6840,2001.0,
2711,Bib.Pop. José Ingenieros,6840,1925.0,yahoo
860,Asoc.Cultural y Bib.Pop. Mariano Moreno,6840,1920.0,hotmail
1191,Inst.y Bib.Pop. Almafuerte,6840,1926.0,hotmail
2107,Bib.Pop. Bernardino Rivadavia,6847,1939.0,
3880,Bib.Pop. Nora Bombelli,6861,1999.0,
1019,Bib.Pop. Vicente López y Planes,6861,1921.0,
4129,Bib.Pop. Arandú,6861,1980.0,hotmail
4210,Bib. Pop. Sudestada,6861,2008.0,yahoo
3830,Bib.Pop. Bernardo Delom,6861,1958.0,yahoo
2928,Bib.Pop. Leon Adolfo Vienni,6861,1975.0,
2954,Bib.Pop. Rafael Obligado,6868,1975.0,
4195,Asoc.de Fomento Atlantica y Biblioteca Popular,6868,1980.0,
3648,Bib.Pop. Argerich,6875,1997.0,
3254,Bib.Pop. Hilario Ascasubi,6875,1982.0,gmail
3797,Bib.Pop.Esc. Cervantes,6875,1967.0,
2040,Bib.Pop. Bartolomé Mitre,6875,1939.0,yahoo
914,Bib.Pop. D.F.Sarmiento,6882,1922.0,hotmail
3871,Bib.Pop. Juventudes Ambateñas,10007,1980.0,
729,Bib.Pop. D.F.Sarmiento,10021,,
749,Bib.Pop. Obispo Esquiu,10035,1916.0,
3747,Bib. Pop. Julio Ricardo Figueroa,10035,1980.0,
3701,Bib.Pop. Salvador B. Herrera,10035,1980.0,
3560,Bib.Pop. Casa de la Cultura,10035,1996.0,
1045,Bib.Pop. Manuel Lainez,10035,1924.0,
730,Bib.Pop. D.F.Sarmiento,10042,1980.0,yahoo
3494,Bib.Pop. del Valle,10042,1995.0,
740,Bib.Pop. José M. Ramos Mejia,10042,1912.0,
3526,Bib.Pop. J. M. Estrada,10042,1980.0,
2365,Bib.Pop. Manuel Ponferrada,10049,1942.0,
3655,Bib.Pop. E. H. Mateo de Barros,10049,1980.0,
3660,Bib.Pop. Eulalia A. de Vildoza,10049,1997.0,
3712,Bib.Pop. San Luis Gonzaga,10049,1980.0,
3541,Bib.Pop. F. E. Casillo,10056,1980.0,
3017,Bib.Pop. María de las Nieves Medina,10063,1979.0,
2958,Bib.Pop. Alfonso de Jesús Robles,10063,1965.0,yahoo
2991,Bib.Pop. Esquiu,10063,1979.0,yahoo
2850,Bib.Pop. Juana R. Ahumada,10070,1980.0,
3653,Bib.Pop. Julio Pascual Robin,10070,1980.0,
3542,Bib.Pop. Tte.Coronel.M.D.S.Villafañe,10077,1996.0,
1020,Bib.Pop. Rafael Castillo,10077,1921.0,
4272,Biblioteca Popular Dr. Adán Quiroga,10084,2007.0,
3471,Bib.Pop. Pbro. Ramón Rosa Barros,10084,1992.0,
3579,Bib.Pop. San Roque,10063,1980.0,
742,Bib.Pop. Rafael Castillo,10091,1912.0,
3469,Bib.Pop. Luis Leopoldo Franco,10098,1980.0,hotmail
3654,Bib.Pop. Santa Rosa de Lima,10098,1997.0,yahoo
3630,Bib.Pop. Los Altos,10098,1997.0,
862,Bib.Pop. Carlos Guido Spano,10084,1918.0,
1377,Bib.Pop. Florentino Ameghino,10091,1928.0,
1053,Bib.Pop. Dr. A. del Pino,10105,1924.0,
3577,Bib.Pop. Pedro Salomon Chade,10112,1980.0,
3554,Bib.Mun.Pop. El motimo,10112,1980.0,
3493,Bib. Pop. Dr. Ramón S. Castillo,10112,1995.0,
2967,Bib.Pop. Segundo N. Herrera,10112,1980.0,hotmail
3393,Bib.Pub. Pop. Elba Ezquer de Quevedo,22036,1960.0,
3310,Bib.Pop.Pub. Augusto Raúl Cortazar,22039,1981.0,yahoo
3389,Bib.Pop. Rubén D. Dalla Fontana,22168,1995.0,yahoo
3325,Bib.Púb. Pop. Juan Bautista Alberdi,22105,1940.0,
3344,Asoc.Amig.Bib.Pop.Esc.Tec.Nº 5 Ing. Juan Col,22105,1980.0,hotmail
3409,Bib.Pop.Esc. Constancio C.Vigil,22105,1974.0,gmail
3507,Bib.Esc.Pop. Prof. Hugo D .Iglesia,22105,1991.0,hotmail
3553,Bib.Pub.Pop. General Julio de Vedia,22014,1980.0,
4105,Asc.Civ.Bib.Pop. La Leonesa,22014,2004.0,yahoo
2999,Bib.Pub. Pop. Gaspar Benavento,22014,1980.0,
3465,Bib. Pop. Pub. Juan M. de Pueyrredón,22028,1966.0,gmail
3671,Bib.Esc.Pop. Pedro Miguel Obligado,22028,1980.0,
3672,Bib.Esc.Pop. E.E.G.B.Nº 32 L.Roque Gondra,22028,1980.0,
2996,Bib.Esc. Pop. Monseñor de Carlo,22021,1980.0,
3003,Bib. Pop. Pub. Ana B. de Pibernus,22021,1980.0,hotmail
3491,Asoc.Amigos de la Bib.Pub.Pop.Marta Alcira Salotti,22043,1980.0,
3004,Bib.Pop.Pub. Monseñor J. Alumni,22049,1980.0,gmail
3548,Bib. Pop. Alejandro Maria Aguado,22056,1980.0,hotmail
3456,Bib. Pub. Pop.  Jaime Homar,22056,1980.0,yahoo
2907,Bib.Pop.Esc. Gral. Martín Güemes,22063,1980.0,yahoo
2297,Bib.Pop. Esc. Escuela Nº 421,22084,1945.0,yahoo
3457,Bib.Pop.Esc. D.Agueda Gomez de Tuckey,22084,1980.0,live
3459,Bib. Pub. Pop. Juana P. Manso Noronha,22084,1980.0,yahoo
3673,Bib.Esc.Pop. El zapallar,22084,1980.0,hotmail
3675,Bib.Esc.Pop. Prim. Nº 555 D. M. Sarmiento,22084,1980.0,
3612,Bib.Pub.Pop. Fray Rafael Gobelli,22084,1980.0,
3439,Bib. Pop. Pub. Almafuerte,22098,1960.0,gmail
3458,Bib.Pop.Esc. Asoc. A. J. L. Borges,22098,1976.0,vai
3555,Bib.Esc.Pop. Maestro Sarmiento,22098,1981.0,
3492,Bib. Pub. Pop. Cervantes,22112,1975.0,yahoo
3353,Asoc.Amig.Bib.Pop.Pub. José Manuel Estrada,22119,1967.0,hotmail
3014,Bib.Pop. Ilda Nelly Yuspa,22133,1982.0,
3582,Bib.Pub.Pop. Mayor L. J. Fontana,22133,1960.0,gmail
3674,Bib. Pub. Pop. Humberto Benito Andolfi,22133,1980.0,hotmail
783,Bib.Pub. Pop. Mariano Moreno,22140,1980.0,hotmail
3450,Bib.Pop.Esc. Juan Ramón Lestani,22140,1980.0,hotmail
4313,Bib.Pop.Asoc.Amigos Escuela Nº 43,22140,1981.0,hotmail
992,Bib.Pub. Pop. Bartolomé E. Pisarello,22140,1923.0,yahoo
3005,Bib.Pub. Pop. Centenario de la creación del Chaco,22140,1972.0,hotmail
779,Bib.Pop. Bernardino Rivadavia,22140,1909.0,yahoo
780,Bib. Esc. Pop.  Benjamín Zorrilla,22140,1901.0,
2198,Bib.Pop. Esc. Enrique Lynch Arribalzaga,22140,1942.0,yahoo
2549,Bib.Pop. Esc. Prisciliano Pérez,22140,1980.0,
2608,Bib.Pop. Esc. Remedios E. de San Martín,22140,1951.0,yahoo
2686,Bib.Pop.Tec. Gral. Manuel Belgrano,22140,1925.0,gmail
2692,Asoc. Amigos.Bib.Pub.Pop. Prof. Leopoldo Herrera,22140,1955.0,hotmail
3009,Bib.Pop. Celmira G. de Cabral,22140,1972.0,yahoo
3148,Bib.Pop. Hipólito Yrigoyen,22140,1986.0,hotmail
3184,Bib. Pop. Juan B. Justo,22140,1980.0,
3281,Bib.Pop.Esc. Dr. J. A. Torres,22140,1980.0,yahoo
3343,Bib.Pub.Pop. Profesor N. Rojas Acosta,22140,1957.0,
3345,Bib. Pop. Esc. Lidia Guasti de Rodriguez,22140,1975.0,yahoo
3349,Asoc.Amig.Bib.Pop.Esc. Alfonsina Storni,22140,1961.0,hotmail
3384,Asoc.Amigos.Bib.Pub.Pop. Gral. M. Belgrano,22140,1980.0,
3418,Bib.Pub. Pop. Josefa Lema de Urdapilleta,22140,1961.0,hotmail
3432,Bib.Pop.Esc. Herminia C. Brumana,22140,1970.0,hotmail
3437,Bib.Pop.Esc. El principito,22140,1980.0,yahoo
3446,Bib.Pop.Esc. Bartolomé Mitre,22140,1980.0,hotmail
3453,Bib.Pop.Pub. Evita,22140,1987.0,yahoo
3477,Bib.Pop.Pub. Juan Domingo Perón,22140,1991.0,yahoo
3534,Bib.Esc.Pop. Alfredo Veirave,22140,1984.0,hotmail
3535,Bib. Esc. Pop. Padre A. de Barzana,22140,1970.0,hotmail
3543,Bib.Pop.Esc. Gob. Manuel Obligado,22140,1961.0,hotmail
3564,Bib.Pub.Pop. Domingo Savio,22140,1980.0,
3670,Bib.Esc.Pop. D.F.Sarmiento,22140,1980.0,
2185,Bib.Pub. Pop. Dr. José Ingenieros,22147,1943.0,yahoo
3460,Bib. Pop. Esc. Nº 223 Wolf Schcolnik,22154,1981.0,ecomchaco
3549,Bib.Pop.Pub. D.Capozzolo,22154,1971.0,yahoo
3000,Bib.Pub.Pop. Ricardo Güiraldes,22154,1975.0,yahoo
3510,Bib.Pop. El porvenir,26007,1980.0,
3711,Bib. Pop. Agustín Pujol,26007,1980.0,
4180,Asoc. Civil y BiB P Gral Martín Miguel de Güemes,26007,1980.0,
4259,Bib.Pop. General Manuel Belgrano,26007,2008.0,hotmail
4326,Bib.Pop. Gral. Don José Francisco de San Martín,26007,1994.0,
4339,BIb. Pop. D. Raúl Alfonsín,26007,2011.0,hotmail
3277,Bib.Pop. Asunción Cobo,26007,1980.0,gmail
3959,Bib.Pop. Ruca Raqui Zuam,26014,1980.0,hotmail
4306,Bib. pop. Auca Lihuen de Villa El Blanco,26014,2011.0,hotmail
4047,Bib.Pop. Rincón de Libros,26014,2001.0,gmail
3821,Bib.Pop. El Maitén,26014,1993.0,gmail
4161,Bib. Pop. de Buenos Aires Chico-Niños Lectores,26014,1980.0,
3257,Bib.Pop. Angélica R. Nievas,26014,1980.0,
3037,Bib.Pop. Lago Puelo,26014,1980.0,yahoo
3316,Bib.Pop. Sofía Moll de Milton,26021,1993.0,
3506,Bib. Pop. Jorge Troncoso,26021,1980.0,hotmail
3569,Bib.Pub.Pop. de la Municip.de C.Rivadavia,26021,1980.0,
3800,Bib.Pop. Darío Hugo Fernández,26021,1992.0,
3899,Bib.Pop. Elum Duham,26021,1996.0,yahoo
4331,Bib.Pop. Astra,26021,2007.0,labibliotecadeastra
4249,Bib. Pop. Tolkeyén,26035,2007.0,yahoo
3773,Bib. Pop. Perito Francisco Pascacio Moreno,26035,1951.0,
3638,Bib.Pop. 28 de Julio,26042,1980.0,
2414,Bib.Pop. D.F.Sarmiento,26042,1943.0,
3041,Bib.Pop. Ricardo J. Berwyn,26042,1939.0,gmail
3235,Bib.Pop. Asencio Abeijon,26077,1991.0,
3378,Bib.Pop. del Barrio Luis Vernet,26077,1980.0,hotmail
4143,Bib. Pop. Soldado Caído S. Antieco,26077,1980.0,hotmail
1819,Bib.Pop. Agustín Alvarez,26077,1934.0,gmail
3080,Bib.Pop. Francisco Guerra,26077,1984.0,hotmail
3202,Bib.Pop. Raúl Scalabrini Ortíz,26077,1991.0,
3244,Bib.Pop. Gonzalo Delfino,26077,1987.0,
3256,Bib.Pop. Rosa de Amaya,26077,1980.0,
3355,Bib.Pop. José Hernández,26077,1980.0,
3607,Bib.Pop. Ceferino Namuncura,26077,1983.0,
3632,Bib.Pop. Barrio Progreso,26077,1980.0,hotmail
3685,Bib.Pop. Manuel Porcel de Peralta,26077,1992.0,
3732,Bib.Pop. Benedicto Terrone,26077,1998.0,gmail
3835,Bib.Pop. Kim Hue,26077,1996.0,hotmail
3414,Bib.Pop. Gob. R. González,26084,1980.0,
2551,Bib.Pop. Mariano Moreno,26091,1911.0,yahoo
4033,Asoc. Bib. Pub. Pop. Y Mun Asencio Abeijón,26021,1980.0,
4324,Bib.Pop. Osvaldo Bayer,26056,2008.0,
2453,Bib. Pop. Juan M. de Pueyrredón,26098,1949.0,hotmail
3402,Bib.Pop. José de San Martín,26098,1980.0,
3667,Bib.Pop. Don Segundo Milla,26105,1980.0,
3584,Bib.Pop. Narlu Owen,26105,1980.0,
4252,Asoc. Cultural y Bib. Pop. Tesis 11,2000,2004.0,tesis11
1344,Bib.Pop. Dr. Tristán J. González,2000,1928.0,outlook
1843,Asoc.Vec. Cir.Cult. Belisario Roldán de Versailles,2000,1980.0,yahoo
1975,Bib.Pop. El progreso,2000,1916.0,
2675,Bib.Pop. Dr. Angel M. Giménez,2000,,
3884,Bib. Pop. Por caminos de libros y solidaridad,2000,1999.0,
4266,Bib. Pop. La Memoria de Nuestro Pueblo,2000,2005.0,gmail
4268,Bib.Pop. Creando Horizontes Educativos,2000,2010.0,hotmail
4295,Bib.Pop. Manuel Ugarte,2000,2009.0,gmail
4318,Bib.Pop. Juan José Castelli,2000,2010.0,
4341,Bib. Pop. 26 de julio,2000,2010.0,gmail
947,Bib.Pop. Ciencia y labor,2000,1918.0,gmail
1131,Bib.Pop. William C.Morris,2000,1907.0,hotmail
1187,Bib.Pop. Pueyrredón sud,2000,1920.0,gmail
1351,Bib.Pop. El resplandor,2000,1928.0,hotmail
1375,Bib.Pop. Juan María Becciu,2000,1915.0,gmail
1793,Bib.Pop. 25 de Mayo,2000,1932.0,
1943,Bib.Pop. Bernardino Rivadavia,2000,1924.0,yahoo
1991,Bib.Pop. Juan Pablo Echagüe,2000,1929.0,
2014,Bib.Pop. Gral. Benito Nazar,2000,1936.0,yahoo
2111,Bib.Pop. y Cent. Cult. Alfredo Costa,2000,1980.0,latinmail
2177,Bib.Pop. Mariano Boedo,2000,1980.0,yahoo
2233,Asoc.Vec. y Bib.Pop. Villa del Parque,2000,1929.0,hotmail
2558,Bib.Pop. Gral. Alvear,2000,1950.0,yahoo
2828,Bib.Pop. Eurindia,2000,1941.0,
2916,Bib.Pop. Universidad Popular de Belgrano Alfredo Fazio y Bi,2000,1941.0,hotmail
2992,Bib. Argentina para ciegos,2000,1924.0,
2994,Bib.Pop. Juan B. Rebagliati,2000,1932.0,yahoo
3019,Bib.Pop. Juan Bautista Alberdi,2000,1933.0,yahoo
3270,Bib.Pop. Casa de la Cultura de Liniers,2000,1994.0,
3982,Bib.Pop. Lectores del pueblo,2000,1980.0,
4006,Bib.Pop. Dr. Arturo Jauretche,2000,2001.0,
4034,Bib.Pop. Hijos del Barrio Piedrabuena Asociación Civil,2000,2001.0,gmail
4197,Bib. Pop. Federico Lacroze,2000,1980.0,gmail
4207,Cen. Cult. y Bib. Pop. Carlos Sanchez Viamonte,2000,1980.0,yahoo
18,Bib.Pop. Helena Larroque de Roffo,2000,1916.0,yahoo
19,Bib.Pop. 12 de Octubre,2000,1910.0,hotmail
25,Bib. Obrera Juan B. Justo,2000,,gmail
28,Bib.Pop. Villa Pueyrredón Norte,2000,1916.0,hotmail
32,Bib.Pop. Alberdi,2000,1910.0,yahoo
62,Bib.Pop. D.F.Sarmiento,2000,1980.0,
77,Bib.Pop. Cornelio Saavedra,2000,1918.0,
78,Bib.Pop. José Enrique Rodo,2000,1917.0,yahoo
4347,Bib.Pop. de Embalse Teresa Sul,14007,2013.0,
3904,Bib.Pop. Rvdo. Félix Enrique,14007,2000.0,hotmail
4346,Bib. Pop. Restituta Albarracín de González,14007,2011.0,gmail
2768,Bib.Pop. Almafuerte,14007,1959.0,
3769,Bib.Pop. Dr. Manuel Belgrano,14007,1998.0,gmail
3645,Bib.Pop. Ricardo Rojas,14007,1998.0,yahoo
534,Bib.Pop. Vélez Sársfield,14014,1909.0,
870,Bib.Pop. Alberdi,14014,1911.0,yahoo
2257,Bib.Pop. Luis J. de Tejeda,14014,1944.0,hotmail
2776,Bib.Pop. y Ctro. de Ajedrez Los Amigos de la Cult.,14014,1959.0,hotmail
2949,Bib.Pop. Joaquín V. González,14014,1969.0,
3042,Bib.Pop. y Ctro Juvenil Malvinas argentinas,14014,1980.0,hotmail
3127,Bib.Pop. Teniente B .Matienzo,14014,1980.0,hotmail
3218,Bib.Pop. de B.Vista y Fund. P. Milesi,14014,1988.0,
3572,Bib. Pop. Barrio Talleres,14014,1986.0,yahoo
3707,Bib. Pop. República Argentina,14014,1995.0,gmail
3789,Bib.Pub.Pop. Nuevo milenio,14014,1980.0,
3845,Bib.Pop. Alfonsina Storni,14014,1999.0,gmail
3905,Bib. Pop. Mi jardín,14014,1990.0,gmail
4028,Bib.Pop. Atahualpa,14014,1980.0,hotmail
4243,Bib.Pop. Julio Cortázar,14014,1980.0,yahoo
4245,Bib. Pop.  María Saleme,14014,2005.0,yahoo
4286,B.P. Libertad por la Integración Latinoamericana,14014,2007.0,yahoo
4309,Bib.Pop. Madre Teresa de Calcuta de Bo. Parque Lic,14014,2007.0,yahoo
4322,Bib.Pop. del Bicentenario,14014,2010.0,gmail
4351,Bib. Pop. Casa del Pueblo,14014,2012.0,gmail
4285,Bib.Pop. Alfredo Terzaga,14091,2009.0,
1659,Bib.Pop. La Bicicleta,14021,1932.0,gmail
547,Bib.Pop. D.F.Sarmiento,14021,1912.0,
2045,Bib.Pop. Mariano Moreno,14021,1918.0,
4290,Bib.Pop. y Ctro Cult. Dumesnil,14021,2010.0,hotmail
4383,Bib.Pop. Sayana Ctro Cult. El Talar,14021,2009.0,hotmail
2157,Bib.Pop. D.F.Sarmiento,14021,1942.0,
4203,Bib.Pop. Cdr. Enrique Carlos Aragón King,14021,1980.0,yahoo
2924,Bib.Pop. D.F.Sarmiento,14021,1942.0,
4277,Bib.Pop. Cawana,14021,2009.0,gmail
3665,Bib.Pub.Mun.Pop. Libro abierto,14021,1980.0,
539,Bib.Pop. Jorge Newbery,14028,1917.0,
4037,Bib. Pop. del Campillo,14035,1984.0,delcampillocoop
545,Bib.Pop. D.F.Sarmiento,14035,1919.0,hotmail
2021,Bib.Pop. D.F.Sarmiento,14035,1937.0,jovitacoop
3772,Bib.Pub.Mun.Pop. Nuestra Señora de Luján,14035,1998.0,
4398,Bib. Pop. Rosario Vera Peñaloza,14035,2022.0,gmail
543,Bib.Pop. D.F.Sarmiento,14042,1916.0,
582,Bib.Pop. Esteban Echeverría,14042,1919.0,
3723,Bib. Pop. José Hernández,14042,1980.0,hotmail
3031,Bib.Pop. Dr. Raúl Scalabrini Ortíz,14042,1984.0,
2162,Bib.Pop. D.F.Sarmiento,14042,1938.0,
567,Bib.Pop. Bernardino Rivadavia,14042,1904.0,bibliotecarivadavia
2406,Bib. Pop. Mun. Mariano Moreno,14042,1942.0,villamaria
3691,Bib.Pop. Luis Roberto Altamira,14042,1997.0,hotmail
1403,Bib.Pop. Mariano Moreno,14049,1929.0,gmail
1872,Bib.Pop. José Ingenieros,14049,1933.0,intinet
3595,Biblioteca Popular Walter Viglione,14056,1997.0,yahoo
2615,Bib.Pop. Jerónimo L. de Cabrera,14056,1951.0,yahoo
3782,Bib.Pop. Dr. Mota Capdevila,14056,1999.0,
2884,Bib.Pop. Teresita Lucchini,14063,1967.0,
4014,Bib.Pop. Teresa B. de Lancestremere,14063,1980.0,
3915,Bib.Pop.Esc. D.F.Sarmiento,14063,1996.0,
2321,Bib.Pop.Pub.Mun. Ermes Desio,14063,1918.0,yahoo
2424,Bib.Pop. Mariano Moreno,14063,1949.0,
3593,Bib.Pop. Isla Verde,14063,1980.0,hotmail
2197,Ctro. Social Cultural y Bib.Pop.,14063,1939.0,
2858,Bib.Pop. San Martín,14063,1918.0,
3139,Bib.Pop. Club A.y Mut.Arg.,14063,1980.0,
3592,Bib.  Pop. Lidia Cesanelli,14063,1980.0,yahoo
1758,Bib.Pop. Juan Benitz,14063,1917.0,gmail
544,Bib.Pop. Florentino Ameghino,14084,1914.0,hotmail
549,Bib.Pop. Juan Bautista Alberdi,14084,1913.0,
3958,Bib. Pop. Juan Filloy,14084,2001.0,
2330,Bib.Pop. Mariano Moreno,14091,1946.0,bepe
1071,Bib.Pop. Nicolás Avellaneda,14091,1923.0,
4016,Bib.Pop. José Hernández,14091,2000.0,tutopia
1867,Bib.Pop. D.F.Sarmiento,14091,1934.0,yahoo
3867,Bib. Pop. Babel,14091,1999.0,
3055,Bib.Pop. Rosa Areal de Molina,14091,1985.0,
2148,Bib.Pop. José Mármol,14091,1938.0,
2978,Bib.Pop. José H. Porto,14091,1949.0,
3629,Bib. Pop. Leopoldo Lugones,14091,1997.0,gmail
4283,Bib.Pop. Aguas que corren,14091,2010.0,
3568,Bib.Pop. Efraín U. Bischoff,14098,1980.0,hotmail
4238,Bib.Pop. Carmen Abril de Cacciavillani,14098,2003.0,
2900,Bib.Pop. José Hernández,14098,1972.0,
2866,Bib.Pop. Ricardo Rojas,14098,1969.0,hotmail
1756,Bib.Pop. Armando A.Telleria,14098,1929.0,hotmail
3011,Bib.Pop. La Asunción de María,14098,1966.0,hotmail
1500,Bib.Pop. Juan Bautista Alberdi,14098,1930.0,yahoo
555,Bib.Pop. Mariano Moreno,14098,1910.0,
588,Bib.Pop. D.F.Sarmiento,14098,1915.0,yahoo
2751,Bib.Pop. Técnica - ENET Nº 1 Ambrosio Olmos,14098,1955.0,
2851,Bib.Pop. Evaristo Segat,14098,1932.0,
3015,Bib.Pop. de los sagrados corazones,14098,1970.0,hotmail
4097,Asoc.Vec.y Bib.Pop. Santiago Coronel,14098,1980.0,yahoo
3729,Bib.Pop. Alfonsina Storni,14098,1980.0,hotmail
584,Bib.Pop. Mariano Moreno,14098,1918.0,
3597,Bib.Pop. Capilla de Remedios,14105,1980.0,
4312,Bib.Pop. Jorge Luis Borges- La Puerta,14021,2006.0,hotmail
3138,Bib.Pop. Presbítero G. Avila Vasquez,14105,1985.0,
4244,Bib. Pop. Alejo Carmen Guzmán,14105,2006.0,hotmail
2925,Bib.Pop. F. Antonio Rizzuto,14112,1972.0,
2794,Bib.Pop.Soc.Cult. Bartolomé Mitre,14119,1961.0,
3702,Bib.Pop. Profesor Américo Pablo Tissera,14119,1980.0,
2534,Bib.Pop. Gral. San Martín,14119,1950.0,yahoo
3586,Bib.Pop. Luis Alberto Guerberoff,14119,1996.0,hotmail
3333,Bib.Pop.Esc. Victor Mercante,14119,1980.0,
864,Bib.Pop. Villa del Rosario,14119,1980.0,
3620,Bib.Pop. Orden del colmenar,14126,1996.0,ordendelcolmenar
4395,Bib. Pop. El Manantial,14126,2011.0,gmail
2006,Bib.Pop. D.F.Sarmiento,14133,1935.0,
3983,Bib.Pop. Los Hornillos,14133,1980.0,yahoo
4294,Bib. Pop. de Luyaba,14133,2010.0,yahoo
4213,Bib.Pop. Villa de las Rosas,14133,1980.0,yahoo
4118,Bib.Pop. Doña María de la Plaza de Arias Moreno,14133,2000.0,
4145,Bib.Pop.y Pub. José Hernández,14140,1980.0,yahoo
2008,Bib.Pop. de Altos de Chipión,14140,1932.0,
3990,Bib. Pop. Martín Fierro,14140,1990.0,hotmail
3666,Bib.Pub.Mun.Pop. M.E.M. de Chiabrando,14140,1980.0,
3853,Bib.Pub.Pop. de Colonia Vignaud,14140,1998.0,hotmail
1824,Bib.Pop. José Ingenieros,14140,1934.0,gmail
3623,Bib.Pop. Marcela Rodriguez,14140,1973.0,
3931,Bib.Pop. Creciendo,14140,1995.0,hotmail
4343,Bib.Pop.José Marcial Enrique Vaudagna,14140,2001.0,
3576,Bib.Pub.Pop.Mun Jorge Luis Borges,14140,1997.0,
581,Bib.Pop. D.F.Sarmiento,14140,1918.0,gmail
2360,Bib.Pop.Inf. Almafuerte,14140,1945.0,gmail
1176,Bib.Pop. Cultura y progreso,14140,1923.0,
4232,Bib.Pop. Porteña,14140,1980.0,
2265,Bib.Pop. José María Paz,14140,1945.0,
560,Bib.Pop. Centro cultural y Bib.Pop.,14140,1926.0,gmail
2426,Bib.Pop. Manuel Lainez,14140,1940.0,
3997,Bib. Pop. Mariano Moreno,14140,1980.0,yahoo
3044,Bib.Pop.Pub.Mun. Dr. Modestino J. Lescano,14140,1980.0,
3748,Bib.Pop.Mun. Quilcahuasi,14140,1980.0,
1541,Bib.Pop. Nicolás Avellaneda,14147,1931.0,gmail
1647,Bib.Pop. D.F.Sarmiento,14147,1932.0,gmail
3744,Bib.Pop. Suquia,14147,1980.0,
4026,Bib.Pop. San José,14147,1999.0,
4392,Garabatos del Valle de Anisacate,14147,2022.0,gmail
4101,Bib.Pop. Flavio Arnal Ponti,14147,1980.0,yahoo
4362,Bib. Pop. La Urdimbre,14147,2016.0,gmail
3763,Bib.Pop. Pablo Pizzurno,14147,1998.0,hotmail
4019,Bib.Pop. Huerta Grande,14091,2001.0,gmail
4126,Bib.Pop. Manuela R. Medina,14098,1980.0,yahoo
4042,Bib. Pop. y Cent. Cult. Rayuela,14119,2001.0,yahoo
527,Bib.Pop. Almafuerte,14161,1926.0,
3520,Bib. Pop. 23 de Septiembre,14161,1996.0,hotmail
3596,Bib.Pub.y Pop. Martín Fierro,14161,1997.0,hotmail
2081,bib.pop.Sociedad Recreativa y Cult. Juventud Unida,14161,1930.0,
873,Bib.Pop. Justo José de Urquíza,14161,1919.0,
2936,Bib.Pop. Poeta Lugones,14161,1976.0,hotmail
3731,Bib.Pop. Dr. Octavio Capdevila,14175,1980.0,
528,Bib.Pop. Dr. Ramón J. Carcano,14182,1907.0,yahoo
1419,Club y Bib.Pop. Recreativo,14182,1929.0,
2737,Bib.Pop. Juan Bautista Alberdi,14182,1947.0,yahoo
586,Bib. Pop Bartolome Mitre,14182,1917.0,yahoo
4218,Bib.Pop. Morrison,14182,1980.0,hotmail
1837,Bib.Pop. Pascanas,14182,1931.0,yahoo
2203,Bib.Pop. Manuel Belgrano Y Asoc.Cult.El retoño,14182,1943.0,hotmail
492,Bib.Pop. D.F.Sarmiento,18007,1901.0,
494,Bib.Pop. de Corrientes Dr. Porfirio A. Aquino,18021,,
495,Bib.Pop. José R. Mariño,18021,1980.0,hotmail
1070,Bib.Pop. Bartolomé Mitre,18021,1925.0,
1078,Bib.Pop. Josefina Contt,18021,1923.0,yahoo
2735,Bib.Tec.Pop. Bernardino Rivadavia,18021,1957.0,
3258,Bib.Pop.Esc. Fray J. de la Quintana,18021,1980.0,
3298,Bib.Pop. Ernesto Sábato,18021,1980.0,yahoo
3317,Bib.Pop. Arandu,18021,1994.0,hotmail
3337,Bib.Pop. Ñañuva,18021,1980.0,yahoo
3346,Bib.Pop. Fray Luis de Bolaños,18021,1980.0,
3368,Bib.Pop.Esc. José F.de San Martín,18021,1993.0,
3813,Bib. Pop. Eva Perón,18021,1998.0,arnet
3826,Bib.Pop. Rincón del milenium,18021,1980.0,
4165,Bib. Pop. Coembá Porá (Lindo Amanecer,18021,1980.0,yahoo
4307,Bib.Pop. Escritores Correntinos,18021,1996.0,hotmail
4202,Bib.Pop. Rector Carlos Bobsín,18028,1980.0,hotmail
4104,Bib.Pop. Francisco Madariaga,18028,2004.0,hotmail
517,Bib.Pop. Rivadavia,18035,1914.0,gmail
3078,Bib.Pop. Cuatia Renda,18035,1986.0,hotmail
1373,Bib.Pop. Esc. Angel Estrada,18042,1911.0,
1913,Bib.Pop. Dr. J. A. Ferreira,18049,1915.0,
501,Bib.Pop. D.F.Sarmiento,18070,1911.0,gmail
4264,Bib. Pop.  Barrios del Sur,18070,2007.0,
4380,Bib. pop. Marta Elgul de Paris,18070,2015.0,
1957,Bib.Pop. Carlos M. de Alvear,18056,1936.0,hotmail
502,Bib.Pop. Dr. Juan Manuel Rivera,18063,1914.0,hotmail
504,Bib.Pop. Bernardino Rivadavia,18063,1980.0,
3472,Bib.Pop. Leamos juntos,18063,1995.0,hotmail
2419,Bib. Pop. Mariano Moreno,18091,1948.0,
509,Bib.Pop. Literaria Belgrano,18105,1910.0,gmail
1530,Bib.Pop. Domingo F. Sarmiento,18105,1909.0,gmail
2595,Bib.Pop. Gral. San Martín,18105,1940.0,gmail
2918,Bib.Pop.Esc. Presbítero E. Tutak,18105,1969.0,
3438,Bib.Pop.Esc. Isabel S. A. de Aquino,18105,1947.0,
1311,Bib.Pop. Mariano Moreno,18112,1928.0,
506,Bib.Pop. Marcelino A. Elizondo,18112,1909.0,hotmail
1918,Asoc. Bib.Pop.Esc. Dorila P. Méndez,18112,1929.0,
2171,Bib.Pop.Esc. Manuel Lainez,18112,1936.0,hotmail
3909,Bib.Pop. Sin fronteras,18112,2000.0,
4224,Bib.Pop. Villa Fedullo,18112,1980.0,
1547,Bib. Esc. Pop. Gral. Gregorio Las Heras,18112,1931.0,
511,Bib.Pop. D.F.Sarmiento,18119,1904.0,arnet
3375,Bib.Pop. Paso de los Libres,18119,1980.0,hotmail
4088,Bib.Pop. Ramón Barboza,18119,2002.0,hotmail
3559,Bib.Mun.Pop. Gerardo Pisarello,18126,1980.0,
3757,Bib.Pop. San Cosme,18133,1998.0,gmail
3285,Bib.Pop.Esc. Juan Bautista Alberdi,18140,1916.0,bepe
3716,Bib.Pop.Asoc. Mario Issac Portillo,18161,1980.0,
522,Bib.Pop. Gral. José de San Martín,18161,1914.0,
2970,Bib.Pop. Victor Elias Navajas Centeno,18168,1967.0,cableat
512,Bib.Pop. Bernardino Rivadavia,18168,1980.0,hotmail
523,Bib.Pop. Almafuerte,18175,1918.0,
4077,Bib.Pop. Teresa de los Andes,18077,2002.0,
4110,Asoc.Bib.Pop. Carlos Guido Spano,18084,,hotmail
4239,Bib.Pop. Arroyo Baru,30008,1997.0,hotmail
306,Bib.Pop. Fiat Lux,30008,,gmail
1251,Bib.Pop. Fábrica Colón,30008,1905.0,hotmail
387,Bib.Pop. Gral. Urquíza,30008,1904.0,yahoo
3482,Bib.Pop. Ubajay,30008,1996.0,hotmail
381,Bib.Pop. Gral. Mitre,30008,1904.0,yahoo
319,Bib.Pop. Olegario V. Andrade,30015,,concordia
392,Bib.Pop. Amelia Podesta de Gorostiaga,30015,1917.0,
3589,Bib.Pop. Carlos Reyes Miggoni,30015,1996.0,hotmail
3778,Bib.Pop. D.F.Sarmiento,30015,1980.0,
4189,Bib.Pop. Tierra de Inmigrantes,30015,1980.0,
324,Bib.Pop. Diamante,30021,,yahoo
334,Bib.Pop. Luis Lorenzo Etchevehere,30021,1980.0,yahoo
4378,Bib. Pop. Estación Puiggari Asociación Civil,30021,2018.0,gmail
385,Bib.Pop. Urquíza,30028,1909.0,multichajari
338,Bib.Pop. Rivadavia,30028,,gmail
4355,Bib. Pop. del Saber,30028,2007.0,outlook
2596,Bib. Pop.  José Zubiaur,30028,1925.0,
4396,Conscripto Bernardi,30035,1940.0,gmail
382,Bib.Pop. D.F.Sarmiento,30035,1912.0,hotmail
3614,Bib.Pop. Luz de provincia,30049,1991.0,arnet
342,Bib.Pop. Carlos Mastronardi,30049,,yahoo
340,Bib.Pop. Olegario V. Andrade,30056,,hotmail
341,Bib.Pop. Sarmiento,30056,,yahoo
2266,Bib.Pop. Francisco H. López Jordan,30056,1943.0,gmail
2862,Bib.Pop. Rodolfo A. García,30056,1960.0,
1201,Bib.Pop. Juan Bautista Alberdi,30056,1927.0,
4240,Bib.Pop. Manuel Belgrano,30056,2000.0,hotmail
375,Bib.Pop. Urdinarrain,30056,1912.0,
3798,Bib. Pop. Sandor Mikler,30063,1998.0,hotmail
330,Bib.Pop. D.F.Sarmiento,30070,1939.0,
370,Bib.Pop.Esc. Urquiza,30070,1919.0,
3401,Bib.Pop. Santa Elena,30070,1980.0,hotmail
3608,Bib.Pop.Genuina Leandro Alem,30077,1986.0,hotmail
3290,Bib.Pop. La vieja estación,30077,1980.0,hotmail
3441,Bib.Pop. Gaspar Benavento,30077,1995.0,
354,Bib. Pop. Fermin Chavez,30077,,
4043,Bib.Pop. Presidente Avellaneda,30084,2001.0,gmail
1615,Bib.Pop. Orientación,30084,1932.0,arnet
4350,Bib.Pop. Sebastián Ger Villacampa,30084,2001.0,
355,Bib.Pop. Del Paraná,30084,,bibliotecaparana
3751,Bib.Pop. Los Aromos,30084,1980.0,gmail
4000,Bib.Pop. y Costurero Laura Vicuña,30084,2000.0,
4013,Bib.Pop. Colibrí,30084,1980.0,
4111,Bib.Pop. Caminantes,30084,1980.0,
4054,Bib. Pop. San José de Cupertino,30084,2001.0,yahoo
4297,Bib. Pop. Teresita Yugdar,30084,2006.0,
3511,Bib.Pop. Dr. Julio Vitor,30084,1953.0,
4078,Bib.Pop. Ser protagonistas,30088,2003.0,gmail
3917,Bib. Pop. José Hernández,30088,1976.0,yahoo
3943,Bib.Pop. J. J. de Urquiza,30056,2000.0,
401,Bib.Pop. Mario Domingo Carruego,30091,1920.0,gmail
364,Bib. Pop.Julian Monzon,30091,,gmail
886,Bib.Pop. Luz obrera,30098,1919.0,yahoo
303,Bib.Pop. El porvenir,30098,,yahoo
4146,Bib. Pop. Julián Herrera,30098,1980.0,yahoo
4359,Bib. Pop. San Justo,30098,2000.0,hotmail
4164,Bib.Pop. Páginas Mías,30098,1980.0,
4388,Bib. Pop. Estación Cultural,30098,2021.0,hotmail
328,Bib.Pop. D.F.Sarmiento,30113,1924.0,
383,Bib.Pop. Bartolomé Mitre,30113,,gmail
384,Bib.Pop. Primer Presidente Bernardino Rivadavia,30113,,
787,Bib.Pop. Dr. M. Ruiz Moreno,34014,1910.0,
3179,Bib.Pop. Armando de Vita y Lacerra,34014,1991.0,
3330,Bib.Pop. María Blanca B. de Simonotto,34014,1980.0,fibertel
3433,Bib. Pop. Margarita Diez,34014,1980.0,hotmail
3435,Bib.Pop. 12 de Octubre,34014,1995.0,
3495,Bib.Pop. del Bº Gob.Emilio Tomas,34014,1980.0,
3636,Bib.Pop. San José de Cupertino,34014,1997.0,
3842,Bib.Pop. La esperanza,34014,1998.0,
4236,Bib. Pop. Alberto Luis García,34021,1999.0,
3180,Bib.Pop. San Francisco de Laishi,34021,1992.0,
2976,Bib.Pop. Dr. Ernesto Guevara,34035,1978.0,
3314,Bib.Pop. Escritores Formoseños,34035,1994.0,hotmail
2964,Bib.Pop.Mun. Juan Bautista Alberdi,34049,1977.0,
3516,Bib. Pop. Dr. Tirso Peña,34049,1996.0,
3776,Bib.Pop. Prof. José F. Fernández,34049,1980.0,
3780,Bib.Pop. Eloy Caniza,34049,1980.0,
3955,Bib. Pop. Dra. María Cristina Balbuena,34049,1999.0,hotmail
3818,Asoc.Amig.Bib.Pop. Don Cosme D. Ruiz Diaz,34049,1998.0,
3269,Bib.Pop. Julio Cortázar,34049,1993.0,
3207,Asoc.Bib.Pop. Félix Atilio Cabrera,34049,1980.0,
3761,Bib. Pop. Pedro Castagne,34056,1998.0,
2974,Bib.Pop.Pub.Mun. Don José F.de San Martín,34056,1978.0,hotmail
3387,Bib.Pub. Pop. San Antonio,34056,1992.0,
3462,Bib.Pop. Mariano Valle,38007,1915.0,yahoo
3976,Bib. Pop. Crear y Ser,38007,2000.0,
3721,Bib.Pop. Rosario Tolaba,38007,1997.0,
3391,Bib.Pop. Jorge Domingo Calvetti,38021,1980.0,hotmail
766,Bib.Pop. de Jujuy,38021,,imagine
3657,Bib. Pop. Leer te ayuda a crecer,38021,1997.0,yahoo
3713,Bib.Pop. del barrio cerro las Rosas (N,38021,1997.0,
4098,Bib.Pop. Campo Verde,38021,2002.0,
4275,Bib.Pop. El futuro de los niños,38021,2004.0,
3307,Bib.Pop. de Ciudad Perico,38014,1980.0,
763,Bib.Pop. Domingo T. Pérez,38014,1905.0,gmail
3627,Asoc.de Amigos Bib.Mun. y Pop. Carlos Juárez,38014,1996.0,
769,Bib.Pop. Gral. Bartolomé Mitre,38028,1906.0,
3895,Bib.Pop. Coronel Manuel E. Arias,38028,1980.0,
3185,Bib.Pop. José Ingenieros,38035,1980.0,
770,Bib.Pop. D.F.Sarmiento,38035,1911.0,
913,Bib.Pop. Bartolomé Mitre,38035,1922.0,
4172,Bib.Pop. San Marcelino,38035,1980.0,
3237,Bib.Pop. de Palpalá,38042,1980.0,
3263,Bib.Pop.Mun. Antonio Paleari,38042,1980.0,
3985,Bib.Pop. Dr. Héctor Tizon,38042,1980.0,
3183,Bib.Pop. Virgen de Río Blanco,38042,1980.0,
1198,Bib.Pop. Coronel Hilarion de la Quintana,38056,1926.0,hotmail
3503,Bib.Pop. Solidaridad,38063,1996.0,
771,Bib.Pop. D.F.Sarmiento,38063,1911.0,
2699,Bib.Pub.Pop.y Esc. Ernesto Sábato,38063,1980.0,
3348,Bib.Pop.y C.Vecinal San Antonio de Padua,38063,1993.0,
3575,Bib.Pop. San José Obrero,38063,1980.0,hotmail
3682,Bib.Pop. San Francisco de Asís,38063,1980.0,
3227,Bib.Pub.Pop Palma Sola,38070,1980.0,
3275,Bib.Pop. José Hernández,38070,1993.0,
3219,Bib.Pop. de Monterrico,38014,1993.0,gmail
4267,Bib.Pop. y C. Cult. Niños Pájaros,38021,2000.0,
4281,Bib. Pop. Maestro José Eduardo Ferretti,38084,1996.0,
4163,Bib. Pop. de Susques,38084,1980.0,
1260,Bib.Pop. Bartolomé Mitre,38094,1910.0,
3276,Bib.Pop. Viltipoco,38098,1980.0,
3059,Bib.Pop. 3 de Abril,38098,1986.0,
774,Bib.Pop. D.F.Sarmiento,38112,1915.0,
772,Bib.Pop. La Unión Aspirante de Yavi,38112,1911.0,
3215,Bib.Pop. Martín Fierro,42007,1980.0,cosedo
3251,Bib.Pop. Profesor H. Eros D .N. Siri,42007,1980.0,gmail
2137,Bib.Pop. Bernardino Rivadavia,42007,1980.0,yahoo
1990,Asoc. Bip. Esc.  Pop.,42007,1914.0,gmail
4300,Bib. Pop. Joaquín Anchorena,42007,2005.0,gmail
3279,Bib.Pop. La Adela,42014,1980.0,hotmail
3386,Bib.Pop. Manuel P.Rodriguez Un N.H.P/la Cult.,42021,1995.0,gmail
2317,Bib.Pop. Clemente J. Andrada,42021,1980.0,gmail
3377,Bib.Pop. Raúl Isidoro D'Atri,42021,1994.0,
3737,Bib. Pop. Rodolfo de Diego,42021,1994.0,cpenet
4124,Bib.Pop. Edgar Morisoli,42021,1980.0,hotmail
4251,BIb. Pop. Teresa Pérez,42021,2009.0,gmail
4270,Bib.Pop. Miguel Angel Gomez Drumell,42021,2009.0,gmail
4345,Bib. Pop. Malvinas Argentinas,42021,2014.0,gmail
3839,Bib. Pop. Olga Orozco,42028,1980.0,bepe
3321,Bib.Pop. María Rubio de Bada,42028,1980.0,
3722,Bib.Pop. Noemí Gavilán de Tarquini,42028,1997.0,yahoo
3214,Bib.Pop. Chapaleufu,42056,1993.0,hotmail
3382,Bib.Pop. Francisco Ceballos,42056,1980.0,
4287,Bib. Pop. La Huella,42056,2000.0,
2679,Bib.Pop. Renovación,42056,1932.0,gmail
1499,Bib.Pop. Ricardo Güiraldes,42056,1929.0,yahoo
3617,Bib. Pop. Faustino Casimiro Bustos,42035,1998.0,yahoo
3181,Bib.Pop. Juan Ricardo Nervi,42035,1980.0,yahoo
2316,Bib.Pop. Asoc.Ex-Alumnos Escuela Nº43 y Bib.Pop.,42035,1946.0,yahoo
1646,Bib.Pop. Manuel Lej,42035,1932.0,yahoo
3250,Bib.Pop.Mun. Alpachiri,42070,1984.0,yahoo
3563,Bib.Pop. María Elena Walsh,42070,1995.0,
806,Bib.Pop. Florentino Ameghino,42070,1921.0,yahoo
2259,Bib.Pop. Almafuerte,42070,1945.0,gmail
3416,Bib. Pop. José Barbero,42070,1994.0,gmail
3874,Bib.Pop. de Abramo,42077,1980.0,hotmail
2786,Bib.Pop. Mariano Moreno,42077,1958.0,yahoo
883,Bib.Pop. Aristóbulo del Valle,42077,1923.0,hotmail
3309,Bib.Pop. María E. Fernández de Falciola,42077,1980.0,cooparauz
3618,Bib. Pop. Walter Cazenave,42084,1980.0,
3546,Bib. Pop. Carro quemado,42098,1996.0,hotmail
1509,Bib.Pop. Manuel Belgrano,42098,1931.0,hotmail
815,Bib.Pop. Bartolomé Mitre,42098,1905.0,yahoo
1555,Bib.Pop. Almafuerte,42105,1931.0,yahoo
4080,Bib.Pop. José Elías Rosales,42105,2003.0,hotmail
808,Bib.Pop.Mun. José Manuel Estrada,42105,1912.0,yahoo
2803,Bib.Pop. Joaquín V. González,42105,1958.0,yahoo
2807,Bib.Pop. Juan del Rosario Garro,42105,1961.0,gmail
1945,Bib.Pop. Antonio Martello de Speluzzi,42105,1937.0,hotmail
3231,Bib.Pop. José Hernández,42119,1993.0,yahoo
2122,Bib.Pop. Bernardino Rivadavia,42119,1933.0,
3531,Bib.Pop. Héctor Raúl Tardiani,42119,1996.0,
816,Bib.Pop. Raúl Belisario Díaz,42119,1911.0,yahoo
1477,Bib.Pop. Florentino Ameghino,42126,1930.0,yahoo
3186,Bib.Pop. Modesto Caretto,42126,1987.0,hotmail
2457,Bib.Pop. Libertador San Martín,42126,1950.0,
3480,Bib.Pop. Jorge Agustín Picca,42126,1995.0,yahoo
823,Bib. Pop. Bernardino Rivadavia,42126,1915.0,cernet
1766,Bib.Pop. D.F.Sarmiento,42126,1932.0,hotmail
3565,Bib.Pop. José Grassi,42133,1980.0,yahoo
3171,Bib.Pop. Alberto Cortez,42133,1979.0,
805,Bib.Pop. Florentino Ameghino,42133,1919.0,hotmail
3177,Bib.Pop. Mariano Moreno,42133,1980.0,
2355,Bib.Pop.Mun. Ing. Luis Luiggi,42133,1948.0,hotmail
916,Bib.Pop. D.F.Sarmiento,42133,1920.0,hotmail
3434,Bib. Pop. Sebastián Dalmasso,42133,1994.0,hotmail
811,Bib.Pop. Presidente Avellaneda,42133,1910.0,
819,Bib.Pop. San Martín,42035,1932.0,cospec
3308,Bib.Pop. Mun. Juan Río de Quehue,42154,1990.0,
897,Bib.Pop. Toay,42140,1921.0,cpenet
1556,Bib.Pop. Pedro Arata,42147,1931.0,yahoo
2647,Bib.Pop. Juan B. Justo,42147,1926.0,yahoo
2373,Bib.Pop. D.F.Sarmiento,42154,1934.0,yahoo
2387,Bib.Esc. Pop. Alfredo Suarez Verdier,42154,1943.0,yahoo
901,Bib.Pop. Florentino Ameghino,42154,1922.0,hotmail
3347,Bib.Pop.Esc. Escuela Nº 164,42154,1980.0,yahoo
724,Bib.Pop. Pedro I. de Castro Barros,46007,1915.0,
718,Bib.Pop. Mariano Moreno,46014,,gmail
719,Bib.Pop. Juan Bautista Alberdi,46014,1914.0,
1345,Bib.Inf.Pop. Tte.Coronel Marcelino Reyes,46014,1980.0,gmail
2687,Bib.Pop. Juan Ramirez de Velazco,46014,1956.0,
4187,Cen. Cult. y Bib. Pop. Ciudad de los Naranjos,46014,1980.0,hotmail
4370,Bib.Pop. Darío Santillán,46014,2003.0,
3529,Bib. Pop. María Esther Brizuela de Bazán,46021,1980.0,
1775,Bib.Pop. Pedro I. de Castro Barros,46021,1927.0,
1805,Bib.Pop. Gob. Dr. B. de la Vega,46021,1934.0,
1993,Bib.Pop. e Inf. Sarmiento,46021,1933.0,
725,Bib.Pop. Mitre,46035,1921.0,hotmail
716,Bib.Pop. Joaquín V. González,46042,1903.0,gmail
2672,Bib.Pop. Domingo Faustino Sarmiento,46042,1955.0,
3962,Bib.Pop. Vichigasta,46042,2001.0,
3918,Bib.Pop. José Hernández,46028,1999.0,
726,Bib.Pop. Pedro I. de Castro Barros,46049,1914.0,
2293,Bib.Pop. Gral. V. Peñaloza,46056,1946.0,
3606,Bib.Pop. Juan Facundo Quiroga,46063,1947.0,
723,Bib.Pop. D.F.Sarmiento,46063,1908.0,
1997,Bib.Pop. Dardo de la Vega Díaz,46126,1935.0,
4090,Bib.Pop. Pastor de la Colina Villafañe,46119,1980.0,
3209,Bib.Pop. Juventud en acción,50007,1992.0,
665,Bib.Pop. Presbítero P. C. Arce,50021,1914.0,hotmail
3932,Bib.Pop. Casa por la memoria y la cultura popular,50007,1999.0,
4103,Bib.Pop. PABLITO GONZALEZ,50021,2002.0,
2188,Bib.Pop. Antonio Dimarco,50014,1940.0,yahoo
1364,Bib.Pop. Gral. C. M. de Alvear,50014,1928.0,hotmail
3266,Bib.Pop. Escritores Alvearenses,50014,1994.0,gmail
2131,Bib.Pop. D.F.Sarmiento,50014,1935.0,yahoo
4382,Bib. Pop. Ta Te Ti,50028,2009.0,
4314,Bib.Pop. Daniel Talquenca de Guaymallén,50028,2011.0,
4085,Bib.Pop. El bermejo,50028,2001.0,
3497,Bib. Pop. Jesús Nazareno,50028,1980.0,yahoo
3264,Bib.Pop. Rodeo de la cruz,50028,1980.0,
3550,Bib. Pop. Ingeniero Giagnoni,50035,1980.0,
3057,Bib.Pop. Pedro José Bustos,50035,1970.0,gmail
3947,Bib.Pop. Santa Rosa,50035,1980.0,
3720,Bib.Pop. Escritores Mendocinos,50049,1996.0,
3486,Bib. Pop. Mirta Vivante,50049,1995.0,yahoo
3993,Bib.Pop. Francisco Manino,50049,1999.0,
4049,Bib.Pop. Palabras del corazón,50049,1980.0,
4310,Bib.Pop. Libros Abiertos para la sociedad,50007,2008.0,gmail
4255,Bib.Pop. del Saber del Pueblo y su Cultura,50049,2008.0,live
1256,Bib.Pop. Tomás Godoy Cruz,50056,1926.0,hotmail
3625,Bib.Pop. Francisco Montalto,50049,1980.0,
3498,Bib.Pop. Tres de Mayo,50056,1980.0,
2894,Bib.Pop. José A. Pujadas,50056,1971.0,hotmail
3725,Bib. Pop. Chacras de Coria,50063,1996.0,yahoo
4315,Bib.Pop. Virgen de la Carrodilla,50063,1996.0,live
4159,Bib.Pop. Las Compuertas,50063,1980.0,gmail
2875,Bib.Pop.Mun. Juan Bautista Alberdi,50063,1911.0,yahoo
4325,Bib. Pop. Benito Juárez,50063,1991.0,yahoo
4138,Bib.Pop. Armando Tejada Gómez,50063,1980.0,
4183,Bib.Pop. Alfonsina Storni,50070,1980.0,
4271,Bib. Pop. General Gutiérrez,50070,1998.0,gmail
3613,Bib.Pop. Lucila Barrionuevo de Bombal,50070,1995.0,hotmail
2665,Bib.Pop.Mun. José Hernández,50077,1993.0,
3463,Bib.Pop. Angélica Z. de Catena,50084,1980.0,
692,Bib.Pop. Bernardino Rivadavia,50084,1915.0,hotmail
3233,Bib.Pop. Mariano Moreno,50091,1947.0,yahoo
3271,Bib.Pop. Profesor Dionisio Chaca,50091,1986.0,gmail
3228,Bib.Pop. Dr. Faustino B. Gil,50091,1993.0,
3190,Bib. Pop. Joaquín di Genaro,50091,1992.0,yahoo
4246,Bib.Pop. Maestro Pedro Azín de San Carlos,50091,2005.0,hotmail
4173,Bib. Pop. Ricardo Rojas,50098,1980.0,hotmail
689,Bib.Pop. Julio A. Roca,50098,1980.0,gmail
3750,Bib.Pop. Tres porteñas de San Martín,50098,1980.0,
3329,Bib.Pop. Dolina Salas,50105,1980.0,
1276,Bib.Pop. Francisco Peñasco,50105,1926.0,yahoo
3423,Bib.Pop. Carolina Paponet de Suter,50105,1980.0,
3981,Bib.Pop. Manuela Lara,50105,1998.0,yahoo
4102,Bib. Pop. Esperanza de nuestros lectores,50105,2004.0,
1576,Bib.Pop. Cultura,50105,1932.0,yahoo
3282,Bib.Pop. Salto de las Rosas,50105,1993.0,yahoo
676,Bib.Pop. Mariano Moreno,50105,1919.0,
3212,Bib.Pop. Derly R. Calderón,50105,1992.0,yahoo
3265,Bib.Pop. Manuel Belgrano,50105,1992.0,
4099,Bib.Pop. Manuel Belgrano de El Nihuil,50105,1980.0,
4100,Bib.Pop. Maestro Antonio Isaac Quiroga,50105,1980.0,
4278,Bib.Pop. Práxedes Garde de Arizu,50105,2009.0,
3306,Bib.Pop. Fray F. Inalican,50105,1980.0,
4293,Bib. Pop. Marcelo Humberto Cirot,50112,2002.0,gmail
3360,Bib.Pop. Tulio Pusterla,50112,1980.0,
4144,Bib.Pop. de Alto Verde,50098,1980.0,yahoo
4018,Bib.Pop. Tomás Godoy Cruz,50021,1980.0,
4095,Bib.Pop. Mirador de Las Estrellas,50126,2003.0,gmail
3815,Bib.Pop. Antonio Fernández,50119,1980.0,
3662,Bib.Pop. Segundo Manuel Esteves,50119,1997.0,gmail
3234,Bib.Pop. Vista Flores,50119,1987.0,yahoo
3299,Bib.Pop. Victoriano E. Cardozo,54119,1994.0,yahoo
3336,Bib.Pop. 23 de Septiembre,54119,1994.0,yahoo
3970,Bib.Pop. María Magdalena Deautier,54007,2000.0,
3501,Bib.Pop. Aristóbulo del Valle,54014,1990.0,
3995,Asoc.Civ.Bib.Pop. José Hernández,54014,2000.0,
4211,Asoc.Bib.Pop. Arturo U. Illia,54014,1980.0,
3300,Bib.Pop.Mun. Bernardino Rivadavia,54021,1980.0,
4394,Bib. Pop. El Urunday,54021,2021.0,gmail
802,Bib.Pop. Sarmiento,54021,1979.0,
4329,Bib.Pop. San Martín,54021,2012.0,
793,Bib.Pop. Posadas,54028,1913.0,arnetbiz
2939,Bib.Pop. El palomar del R.C.de V.URQ.,54028,1975.0,
3421,Bib.Pop. Granadero Chepoya,54028,1994.0,gmail
3602,Bib. Pop. José Ramos,54028,1997.0,
3777,Bib.Pop. San Miguel,54028,1980.0,
4258,Bib.Pop. Sur Argentino,54028,2001.0,yahoo
4387,Asoc.Vecinal Barrio Parque 2 de abril,54028,1980.0,
790,Asoc.Civ.Bib.Pop. Bartolome Mitre,54035,1911.0,
2950,Bib.Pop. Eldorado,54042,1968.0,hotmail
3461,Bib.Pop. Jorge Luis Borges,54049,1980.0,
3312,Bib.Pop.Esc. de F. Soberanía nacional,54049,1980.0,
3324,Bib.Pop. Gabriela Mistral,54056,1980.0,
3405,Bib.Pop. Arandu Roga,54063,1980.0,
3544,Bib.Pop.Pub. Victoria Aguirre,54063,1996.0,
4363,Bib.Pop. Alma Guaraní,54063,2015.0,
3755,Bib.Pop. Mejor pasar,54070,1997.0,hotmail
3395,Bib.Pop.Mun. Nicolás A. Petcoff,54077,1994.0,yahoo
2944,Bib.Pop. Horacio Quiroga de Puerto Rico,54077,1962.0,live
2995,Bib.Pop. D.F.Sarmiento,54084,1978.0,
3304,Bib.Pop. Horacio Quiroga,54084,1980.0,yahoo
3374,Bib.Pop.Tec. Roque G. de Santa Cruz,54084,1980.0,
2561,Bib.Pop. D.F.Sarmiento,54091,1946.0,yahoo
4079,Bib. Pop. Vamos a leer,54091,2002.0,yahoo
3875,Bib.Pop. Yapeyú,54091,1980.0,
3935,Asoc.Bib.Pop. Ernesto Sábato,54098,2000.0,gmail
803,Bib.Pop. Patricias argentinas,54098,1910.0,
4214,Bib.Pop. Del Conocimiento al Saber,54105,1980.0,
3825,Bib.Pop. Dr. Bernardo Elvira,54105,1980.0,
4247,Bib. Pop. Thay Morgenstern,54112,2004.0,gmail
4128,Bib.Pop. Oñondive,54084,1980.0,
3445,Bib.Pop.Esc. Aída Simonetti de Ocampo,54056,1980.0,
3210,Bib.Pop. Juan Benigar,58007,1993.0,
3217,Bib.Pop.Esc. Miguel A. Camino,58007,1980.0,
3788,Bib.Pop. Maestro Galeano,58007,1980.0,
3756,Bib. Pop. San Patricio del Chañar,58014,1997.0,yahoo
4160,Bib.Pop. Quintú C´Me Raquizuam (Buscando Buenos Pensamientos),58021,1980.0,yahoo
824,Bib.Pop. Coronel J. M. Olascoaga,58042,1980.0,yahoo
3260,Bib.Pop. Barrio Uriburu,58042,1980.0,
3091,Bib.Pop. Cuenca del Curi Leuvu,58042,1980.0,
4208,Bib.Pop. Martín Torres,58042,1980.0,
3175,Bib.Pop. Calquin Mapu,58028,1980.0,
3840,Bib.Pop. Jorge Fonseca,58035,1999.0,
2747,Bib.Pop. Carlos H. Rodríguez,58035,1958.0,gmail
3092,Bib.Pop. Buta Ruca,58035,1987.0,yahoo
3295,Bib.Pop. María E. Tejada de Lastra,58035,1994.0,
3354,Bib.Pop. Kimn,58035,1994.0,
3536,Bib.Pop. María Eva Duarte,58035,1996.0,
3642,Bib.Pop. Ceferino Contreras,58035,1997.0,
1342,Bib.Pop. Juan Bautista Alberdi,58035,1928.0,gmail
3100,Bib.Pop. Ruca Limay,58035,1989.0,yahoo
3102,Bib.Pop. Segundo Vazquez,58035,1994.0,
3103,Bib.Pop. Julio Cortázar,58035,1980.0,yahoo
3104,Bib.Pop. Suyai Mapu,58035,1980.0,yahoo
3130,Bib.Pop. Darío Millain,58035,1980.0,gmail
3134,Bib.Pop. Amaranto Suarez,58035,1980.0,
3137,Bib.Pop. Eliel Aragon,58035,1990.0,gmail
3145,Bib.Pop. Gob. Angel Edelman,58035,1980.0,yahoo
3146,Bib.Pop. Homero Manzi,58035,1980.0,
3220,Bib.Pop. Kique Sánchez Vera,58035,1993.0,gmail
3222,Bib.Pop. Hugo M. Berbel,58035,1993.0,gmail
3319,Bib.Pop. Escritores Neuquinos,58035,1994.0,gmail
3332,Bib.Pop. Enrique Rocca,58035,1993.0,
3381,Bib.Pop. Irma Cuña,58035,1980.0,yahoo
3646,Bib.Pop. Gran Neuquén,58035,1997.0,hotmail
4032,Bib.Pop. Rodolfo Walsh,58035,1980.0,
4052,Bib. Pop. Monseñor Jaime de Nevares,58035,2002.0,yahoo
4113,Bib.Pop. Libertador General José de San Martín,58035,2001.0,hotmail
4123,Bib.Pop. Luis Topo Oliva Asociación Civil,58035,2002.0,
4152,Bib. Pop. Pehuen - Barrio Alta Barda,58035,1980.0,
4162,Bib.Pop. Huilliches,58035,2004.0,gmail
4237,Bib. Pop. Salomón,58035,2003.0,hotmail
4269,Bib.Pop. Abuela Bertogna de Barrio Nuevo,58035,2003.0,
4296,Bib.Pop. Espacio de Libertad,58035,1980.0,yahoo
3131,Bib.Pop. Hueupines,58035,1987.0,
3143,Bib.Pop.Mun. Asoc.A. Bca.J. Benigar,58035,1980.0,hotmail
3168,Bib.Pop. Valentín Sayhueque,58035,1980.0,hotmail
3099,Bib.Pop. Malvinas argentinas,58035,1980.0,hotmail
3160,Bib.Pop. D.F.Sarmiento,58035,1980.0,
3161,Bib.Pop. América,58035,1980.0,
3919,Bib.Pop. Carmen Mellado,58035,1993.0,gmail
4254,Bib.Pop. 15 de junio,58035,2002.0,hotmail
3023,Bib.Pop. de Front. Dr. G Alvarez,58049,1983.0,yahoo
826,Bib.Pop. 9 de Julio,58056,1917.0,smandes
3106,Bib.Pop. 4 de Febrero,58056,1987.0,
3764,Bib.Pop. Ruca Trabun,58056,1980.0,
4273,BIb. Pop. La Cascada,58056,2006.0,
3090,Bib.Pop. Loncopue,58063,1981.0,
3169,Bib.Pop. Osvaldo Bayer,58070,1991.0,
3087,Bib.Pop. Mariano Moreno,58077,1980.0,
3581,Bib.Pop. La corona,58077,1985.0,
3097,Bib.Pop. Cerro Los Quiques,58077,1980.0,yahoo
3129,Bib.Pop. Chochoy Mallin,58084,1980.0,
2142,Bib.Pop. Bernardino Rivadavia,58084,1942.0,hotmail
4305,Bib.Pop. José Fernández,58091,2005.0,hotmail
3807,Bib.Pop.Mun. Don Elias Sapag,58091,1980.0,
4229,Bib. Pop. Pedro Néstor Jaramillo,58098,2000.0,
3095,Bib.Pop. Palighuen,58105,1985.0,
827,Bib.Pop. Elordi,58112,1916.0,
3833,Bib.Pop. La Libroteca,58112,1998.0,
1522,Bib.Pop. Bernardino Rivadavia,62091,1931.0,yahoo
3619,Bib.Pop. Presbítero Raúl Entraigas,62091,1980.0,
4332,Bib. Pop. Próspero Entraigas,62007,1990.0,
4130,Bib.Pop.Pub.Mun. J. B. Campastro,62007,1980.0,
830,Bib.Pop. Bartolomé Mitre,62007,1906.0,yahoo
3150,Bib.Pop. Del niño,62007,1990.0,hotmail
4235,Bib. Pop. Pablo Neruda,62007,2004.0,live
3147,Bib.Pop. Pedro Garro Vidal,62014,1980.0,yahoo
832,Bib.Pop. Nicolás Avellaneda,62014,1918.0,yahoo
3206,Bib.Pop. Coronel Belisle,62014,1980.0,
967,Bib.Pop. El arte es realidad,62014,1980.0,yahoo
3068,Bib.Pop. Dr. Victor Molina,62014,1985.0,hotmail
2128,Bib.Pop. Pablo A. Pizzurno,62014,1942.0,gmail
1701,Bib.Pop. D.F.Sarmiento,62021,1932.0,elbolson
3224,Bib.Pop. Dr. Venzano,62021,1980.0,
1303,Asoc.Bib. Asoc. Bca. Sarmiento,62021,1928.0,bibliotecasarmiento
3326,Bib.Pop. Aime Paine,62021,1990.0,
3601,Bib.Pop. Francisco Lera,62021,1997.0,
3964,Bib.Pop. Dr. Francisco Pascasio Moreno,62021,1986.0,yahoo
4023,Bib. Pop. Ruca Quimn,62021,1999.0,bariloche
4181,Bib. Pop. Jorge Luis Borges,62021,1980.0,hotmail
4373,Bib.Pop. Carilafquen,62021,2007.0,gmail
829,Bib.Pop. Gral. Conesa,62028,1905.0,gmail
4201,Bib. Pop. Quimun,62035,1980.0,
3967,Bib.Pop. Las Tunas,62035,1980.0,
2906,Bib.Pop. Naciones americanas,62042,1970.0,
3081,Bib.Pop. El hogar del lector,62042,1980.0,
3151,Bib.Pop. Felisa P. de Porcel,62042,1970.0,
2603,Bib.Pop. Carlos Guido Spano,62042,1932.0,hotmail
3903,Bib.Pop. Mundo feliz,62042,1997.0,yahoo
1695,Bib.Pop. Bernardino Rivadavia,62042,1932.0,
3195,Bib.Pop. Presbítero R. Entraigas,62042,1984.0,hotmail
3735,Bib. Pop. Escritores Patagónicos,62042,1980.0,gmail
4087,Bib.Pop. Fernando Jara,62042,2000.0,
3634,Bib.Pop. Isabel Cordero de Durán,62042,1980.0,yahoo
2922,Bib.Pop. Amigos del libro,62042,1974.0,hotmail
2114,Bib.Pop. Julio A. Roca,62042,1936.0,gmail
3082,Bib.Pop. Crecer,62042,1980.0,hotmail
3361,Bib.Pop. Ruca Quilcatuve,62042,1980.0,
3362,Bib.Pop. Los niños primeros,62042,1980.0,gmail
3415,Bib.Pop. Ruca Hueney,62042,1980.0,
3466,Bib.Pop. Raihuen,62042,1980.0,
3600,Bib.Pop. Amancay,62042,1980.0,yahoo
3831,Bib.Pop. El sembrador - J. Sabino Rojas,62042,1999.0,
4149,Bib. Pop. Lucía Epullan,62042,1980.0,yahoo
4153,Bib. Pop. La Rivera,62042,1980.0,yahoo
3105,Bib.Pop. Quintun,62042,1987.0,
4261,Bib.Pop. Julio Cortázar,62042,2004.0,hotmail
3107,Bib.Pop. Dr. José Velasco,62042,1965.0,
3388,Bib.Pop. Casa de Amigos,62042,1994.0,
3141,Bib.Pop. Alborada Mapuche,62042,1980.0,
1885,Bib.Pop. Mariano Moreno,62042,1935.0,
2891,Bib.Pop. Ricardo Rojas,62042,1971.0,HOTMAIL
4335,Bib. Pop. Malvinas Argentinas,62042,1997.0,
4148,Asoc.Bib.Pop. Ñorquinco,62056,1980.0,gmail
3599,Bib.Pop. Puchincheff,62056,1980.0,
1464,Bib.Pop. D.F.Sarmiento,62063,1930.0,
3941,Bib.Pop. Mariano Giménez,62070,1980.0,yahoo
3084,Bib.Pop. Comandante L. Piedrabuena,62077,1984.0,
4374,Bib. Pop. Puerto del Este,62077,2006.0,outlook
2926,Bib.Pop. Munic. Cincuentenario,62077,1955.0,yahoo
2968,Bib.Pop. Manuel R. Novillo,62077,1978.0,yahoo
3930,Bib.Pop.Asoc.Cult. Dina Huapi,62070,1996.0,gmail
3083,Bib.Pop. Ceferino Namuncura,62084,1960.0,yahoo
3996,Bib.Pop. Apolinario Saravia,66007,1999.0,
3121,Bib. Pop. Manuel J. Castilla de El Quebrachal,66007,1987.0,
3372,Bib.Pop. Padre José Lally,66007,1992.0,
4131,Bib.Pop. General Manuel Belgrano,66007,1980.0,
3940,Bib.Pop. Ntra.Sra.del Valle-Educ.Cult.y Soc.,66007,1980.0,
3758,Bib.Pop. Cafayateña,66021,1980.0,
4385,Bib. Pop. Gral. Lamadrid,66084,2022.0,gmail
3914,Bib.Pop. Wiñay Huasi,66084,1980.0,
4112,Bib.Pop. Los hermanos Luna,66028,2002.0,
3125,Bib.Pop. Juan Carlos Davalos,66028,1964.0,hotmail
3126,Bib.Pop. Campo Caseros,66028,1947.0,
3474,Bib.Pop. Macacha Güemes,66028,1979.0,hotmail
3605,Bib.Pop. Jaime Davalos,66028,1980.0,
3651,Bib. Pop. Presbítero P. F. Acuña,66028,1994.0,hotmail
3677,Bib. Pop. Antonio Nella Castro,66028,1996.0,
3704,Bib.Pop. Dr. Miguel Ragone,66028,1980.0,
3708,Bib.Pop. Dr. Mariano Boedo,66028,1995.0,
3734,Bib.Pop. San Martín de Porres,66028,1997.0,hotmail
3746,Bib.Pop. Jorge Luis Borges,66028,1996.0,
3781,Bib.Pop. María Ester Gauna,66028,1980.0,hotmail
3808,Bib.Pop. San Francisco Solano,66028,1980.0,hotmail
3822,Bib.Pop. D.F.Sarmiento,66028,1997.0,hotmail
3838,Bib.Pop. Profesora Nora Godoy,66028,1999.0,hotmail
3868,Bib.Pop. Carlos Hugo Aparicio,66028,1999.0,hotmail
3942,Bib.Pop. Pablo Neruda,66028,1996.0,
3953,Bib.Pop. Prof. Miguel Angel Cáseres,66028,1999.0,
3973,Bib.Pop. Barrio Palermo I,66028,1994.0,
3991,Bib.Pop. Latinoamerica,66028,1980.0,
4092,Bib.Pop. Lola Mora,66028,2003.0,
4108,Bib.Pop. Dr. Gustavo Cuchi Leguizamón,66028,2004.0,
4168,Bib.Pop. Cabo 1º Roberto F. Vidaurre,66028,1980.0,
4317,Bib. Pop. Marie Madeleine,66028,2008.0,gmail
4342,Bib.Pop. Rosa Parks,66028,2012.0,hotmail
4375,Bib.Pop. Casimiro Cobos,66028,1998.0,
3791,Bib.Pop. Tata Sarapura,66028,1997.0,
3938,Bib.Pop. José Hernandez,66035,1999.0,yahoo
752,Bib.Pop. Francisco Alsina,66035,1910.0,
2574,Bib.Pop. Bernardino Rivadavia,66049,1944.0,
3610,Nueva Bib. Pop. José Hernández,66049,1963.0,yahoo
1366,Bib.Pop. D.F.Sarmiento,66049,1928.0,gmail
3759,Bib.Pop. José Hernández,66056,1998.0,hotmail
1828,Bib.Pop.Mun. Juan Bautista Alberdi,66056,1934.0,
1825,Bib.Pop. Juan Bautista Alberdi,66056,1933.0,
4109,Bib.Pop. Amparo F. de Maidana,66056,1980.0,yahoo
4062,Bib.Pop. Roberto Romero,66077,1980.0,
4083,Asoc.y Bib.Pop. El molino,66077,2002.0,yahoo
3373,Bib.Pop. Gob. Dn. R. Romero,66091,1994.0,
3695,Bib.Pop. José Manuel Estrada,66105,1980.0,
3286,Bib.Pop. Gral. M. M. de Güemes,66112,1980.0,yahoo
760,Bib.Pop. Marco M. de Avellaneda,66112,1916.0,
2849,Bib.Pop. José Hernández,66119,1963.0,
4056,Bib.Pop. Robustiano Manero,66126,1980.0,
3385,Bib.Pop. Jorge Luis Borges,66126,1995.0,
4048,Bib.Pop. Rosa Gareca de Moreno,66126,1980.0,
3974,Bib. Pop. Mun. Domingo Faustino Sarmiento,66126,1980.0,
4194,Bib.Pop. y Grupo Soc.Cult. Crecer,66140,1980.0,
753,Bib.Pop. D.F.Sarmiento,66140,,
3609,Bib.Pop. Ernesto Sábato,66147,1980.0,
4004,Bib.Pop. Juan Calchaqui,66154,1980.0,
4035,Bib.Pop. Maestro Manuel Mirabal,66133,2001.0,hotmail
3965,Bib.Pop. María Julia Escalera de Cazón,66056,1980.0,
3745,Bib.Pop. Santa Victoria,66161,1980.0,gmail
3519,Bib.Pop. Pedro Guerrero,70063,1980.0,
3065,Bib.Pop. Emilio García y Negrete,70007,1985.0,
3686,Bib.Pop. Consejal D.F.Gallardo,70021,1971.0,
4364,BIb.Pop. Pio Cristino Gallardo,70021,2012.0,
3733,Bib.Pop. Marina Vilte,70028,1980.0,hotmail
700,Bib.Pop. Bartolomé Mitre,70028,1910.0,
704,Bib.Pop. Sociedad Franklin,70028,,
1510,Bib.Pop. José Chirapozu,70028,1918.0,
1887,Bib.Pop. Juan Bautista Alberdi,70028,1935.0,
2242,Bib.Pop. Camilo Rojo,70028,1944.0,yahoo
3213,Bib.Pop. Américas,70028,1956.0,yahoo
3294,Bib.Pop. José I. de la Roza,70028,1994.0,
3311,Bib.Pop. Emilio Moya Gil,70028,1980.0,hotmail
3521,Bib.Pop. 10 de Octubre,70028,1996.0,
4094,Bib.Pop. El Eternauta,70028,1980.0,
713,Bib.Pop. Colón,70035,1918.0,
4372,Bib. Pop. Paula Albarracín de Sarmiento,70042,2018.0,
4390,Juana Azurduy,70042,2022.0,
2620,Bib.Pop. Las Flores,70049,1954.0,yahoo
11,Bib.Pop. Juan Páez Garramuno,70049,1980.0,
702,Bib.Pop. D.F.Sarmiento,70056,1908.0,
1729,Bib.Pop. Dr. Antonino Aberastain,70070,1932.0,
4064,Bib.Pop. Roberto J. Payro,70077,1991.0,
3108,Bib.Pop. Cervantes,70077,1935.0,gmail
4327,Bib. Pop. José Manuel Estrada,70077,1981.0,
3998,Bib. Pop. La sociedad de los patriotas nóveles,70077,1980.0,gmail
4093,Bib.Pop. Alfonsina Storni,70077,1980.0,gmail
4217,Bib. Pop. Sur,70077,2008.0,hotmail
4263,Bib. Pop. Barrio Victoria,70077,2009.0,
3133,Bib.Pop. Dr. Antonio Aguilar,70028,1990.0,hotmail
3693,Bib. Pop. Mariano Moreno,70077,1966.0,hotmail
2152,Bib.Pop. Juan Rómulo Fernández,70084,1940.0,hotmail
1349,Bib.Pop. Constancia y acción,70084,1929.0,
2938,Bib.Pop. Sociedad opinión de juventud,70084,1971.0,
3223,Bib.Pop. Miguel Beato Tejada,70084,1988.0,
3464,Bib.Pop. Argentina,70084,1992.0,
3490,Bib.Pop. Dr. Pablo Ramella,70084,1993.0,hotmail
4058,Bib.Pop. Rayos de luz,70084,1980.0,
4284,Bib.Pop. Ivonne Barud de Quattropani,70084,2007.0,
709,Bib.Pop. General San Martín,70091,1916.0,
4063,Bib.Pop. Padre Carlos Barbero,70091,2001.0,
3112,Bib.Pop. Presbítero J. E. Briggiler,70091,1988.0,yahoo
707,Bib.Pop. Rawson,70098,1910.0,
3637,Bib. Pop. José de San Martín,70098,1997.0,yahoo
4084,Bib.Pop. Plus Ultra,70098,1980.0,
4141,Bib. Pop. Juana Manso,70098,1980.0,
1898,Bib.Pop. D.F.Sarmiento,70105,1935.0,
3109,Bib.Pop. 1 de Febrero,70028,1987.0,hotmail
4027,Bib.Pop. Virgen del Carmen,70028,1997.0,
4279,Bib.Pop. Mario Washington Victorio,70028,2003.0,gmail
3406,Bib.Pop.Pub. La escalera,70028,1993.0,hotmail
4354,Arte y Cultura de Ullum Bib. Pop. Luis Solera,70112,2009.0,gmail
3706,Bib.Pop. Antonio Ercilio Zeballos,70119,1996.0,gmail
714,Bib. POp. Domingo Faustino Sarmiento,70119,,hotmail
3988,Bib. Pop. Legisladores Argentinos,70133,1980.0,
3398,Bib.Pop. D.F.Sarmiento,74007,1980.0,
596,Bib.Pop. Sarmiento,74007,1910.0,
599,Bib.Pop. Juan de Dios Escobar,74007,1910.0,
3268,Bib.Pop.Mun. Juan W. Gez,74014,1963.0,
611,Bib.Pop. Los Manantiales,74014,1916.0,
603,Bib.Pop. Dora Ochoa de Masramon,74028,1916.0,hotmail
3933,Bib.Pop. Pedro Rufino Díaz,74028,1980.0,
3273,Bib.Pop.Mun. Caminitos,74028,1996.0,hotmail
3425,Bib.Pop. Mariano Moreno,74028,1980.0,
3709,Bib.Pub.Pop.Mun. Pajaritos,74028,1980.0,
3357,Bib.Pop.Mun. Serranías de V. Larca,74028,1980.0,
3356,Bib.Pop. Lafinur el filósofo,74021,1980.0,
4036,Bib.Pop. Remedios de Escalada de San Martín,74021,2001.0,
3221,Bib.Pop. Cerros del Rosario,74021,1993.0,
3444,Bib.Pop. Biblioteca Popular,74021,1980.0,hotmail
3411,Bib.Pop.Mun. D.F.Sarmiento,74042,1980.0,
3412,Bib.Pop.Mun. Almafuerte,74042,1980.0,
4055,Bib.Pop. Hugo Arnaldo Fourcade,74035,1997.0,yahoo
595,Bib.Pop. D.F.Sarmiento,74035,1914.0,
601,Bib.Pop.Mun. Juan Bautista Alberdi,74035,1980.0,
987,Bib.Pop. Dr. Juan Llerena,74035,1937.0,live
1827,Bib.e Inst.Cult.Pop. Bernardino Rivadavia,74035,1934.0,gmail
3188,Bib.Pop. Antonio Esteban Agüero,74035,1980.0,yahoo
3443,Bib.Pop. Madre Cabrini,74035,1995.0,
3487,Bib.Pop.Esc. Amalia Vercelli,74035,1980.0,
3504,Bib. Pop. Barrio Obras Sanitarias,74035,1995.0,yahoo
4215,Bib. Pop. Teniente Manuel Félix Origone,74035,2007.0,gmail
3284,Bib.Pop. La casita de cuentos,74049,1980.0,hotmail
3350,Bib.Pop.José Manuel Estrada,74049,1994.0,
608,Bib.Pop. Lafinur,74049,1915.0,live
3056,Bib.Pop. Antonio Esteban Agüero,74049,1992.0,merlo_sl
3397,Bib.Pop. Lugones en Piedra Blanca,74049,1980.0,
3594,Bib.Pop. Puertas abiertas,74049,1980.0,live
4369,Bib.Pop. El Faro,74049,2017.0,gmail
3396,Bib.Pop. Héroes de Malvinas,74056,1980.0,
3216,Bib.Pop. Urbano Joaquín Nuñez,74056,1993.0,yahoo
3399,Bib.Pop. Urbano J. Nuñez,74056,1988.0,
2639,Bib.Pop.Esc. Isaac Newton,74056,1954.0,gmail
3230,Bib.Pop. Juan Pablo II,74056,1993.0,
3242,Bib.Pop. Elsa I. Bornemann,74056,1993.0,gmail
3488,Bib.Pop. Dos Venados,74056,1995.0,
4072,Bib.Pop. Jacinto Guiñazu,74056,1980.0,
4186,Bib.Pop. Jorge Luis Borges,74056,1980.0,hotmail
3430,Bib.Pop. Juan Pascual Pringles,74063,1980.0,hotmail
3358,Bib.Pop. Dr. A. Rodríguez Saa,74056,1980.0,
3323,Bib.Pop. El mirador,78014,1994.0,yahoo
3367,Bib.Pop.Mun. Mariano Moreno,78014,1980.0,
3580,Bib.Pop. Barrio 2 de abril,78014,1980.0,
3583,Bib.Pop. María deL Transito Cruz,78014,1980.0,
4046,Bib.Pop. Cañadon Seco,78014,1999.0,hotmail
3500,Bib.Pub.Mun.Pop. Aime Paine,78014,1980.0,hotmail
1426,Bib.Pop.Mun. Florentino Ameghino,78014,1927.0,
1001,Bib.Pop.Pub. Juan Hilarion Lenzi,78021,1959.0,
3142,Bib.Pop. Flora R. de Lofredo,78021,1980.0,
3261,Bib.Pop. Ush Güent,78021,1994.0,
3407,Bib.Pop. Eva Perón,78021,1994.0,
3484,Asoc.Amig.Bib.Pop.Mun. Sofia Vicic de Cepernic,78021,1980.0,riogallegos
3524,Bib.Pop. Ciudad del nombre de Jesús,78021,1994.0,
3527,Bib.Pop. A. Kunfi Quiros,78021,1996.0,yahoo
3512,Bib.Mun.Pop. Guent Aike,78021,1980.0,
4304,Bib.Pop. Mujer Pionera de El Chaltén,78028,1988.0,yahoo
3259,Bib.Pop.Esc. Amigos del saber,78035,1980.0,yahoo
3556,Bib.Pop.Esc. Libre pensamiento,78049,1996.0,
3567,Bib.Esc.Pop. Sur Argentino,78049,1996.0,
4227,Bib. Pop. Elba Irma Rosso de Bravo,82077,1980.0,
490,Bib.Pop. 9 de Julio,82077,1980.0,tostado
4361,Bib. Pop. Villa Minetti,82077,2014.0,
1789,Bib.Pop. D.F.Sarmiento,82007,1931.0,yahoo
3163,Bib.Pop. Bouquet,82007,1969.0,hotmail
2951,Bib.Pop. José Hernández,82007,1976.0,arnet
2136,Bib.Pop. D.F.Sarmiento,82007,1935.0,
1936,Bib.Pop. Bernardino Rivadavia,82007,1934.0,redcrs
1600,Bib.Pop. José Ingenieros,82007,1930.0,hotmail
1599,Bib.Pop. Bartolomé Mitre,82014,1932.0,gmail
2760,Bib.Pop. El Ateneo,82014,1953.0,gmail
411,Bib.Pop. Carlos Casado,82014,1908.0,arnet
1138,Bib.Pop. D.F.Sarmiento,82014,1917.0,
2905,Bib.Pop. Manuel Belgrano,82014,1957.0,
3007,Bib.Pop. Chabas,82014,1980.0,
2189,Bib.Pop. Manuel Belgrano,82014,1939.0,gmail
1035,Bib.Pop. D.F.Sarmiento,82014,1914.0,
2601,Bib.Pop. Domingo F. Sarmiento,82021,1953.0,hotmail
4365,Bib.Pop. Arco Iris,82021,2001.0,yahoo
3342,Bib.Pop. Presbítero A. Bonini,82021,1989.0,
472,Bib.Pop. D.F.Sarmiento,82021,1919.0,
4316,Bib.Pop. Alfonsina Storni de Colonia Bicha,82021,2013.0,hotmail
2722,Bib.Pop. Ricardo Rojas,82021,1957.0,
3513,Bib.Pop. Esmeralda,82021,1996.0,
3238,Bib.Pop. Estación Clucellas,82021,1993.0,
1408,Bib.Pop. Mariano Moreno,82021,1929.0,yahoo
4337,Bib.Pop. Héctor Miguel Reinaudi,82021,2010.0,hotmail
2997,Bib.Pop. María Juana,82021,1974.0,coopmj
2254,Bib.Pop. José Manuel Estrada,82021,1937.0,hotmail
2927,Bib.Pop. Esc. Dr. Ricardo Gutierrez,82021,1939.0,yahoo
4291,Bib.Pop. Moseñor Antonio Brasca,82021,2010.0,hotmail
2941,Bib.Pop.Esc. José Hernández,82021,1980.0,
3986,Bib. Pop. Mariano Moreno,82021,1925.0,hotmail
1654,Bib.Pop. Mariano Moreno,82021,1931.0,
1188,Bib.Pop. Juan Bautista Alberdi,82021,1998.0,
935,Bib.Pop. Rodolfo Prigioni,82021,1922.0,
1680,Bib.Pop. Belisario Roldán,82028,1932.0,yahoo
859,Bib.Pop. Bartolomé Mitre,82028,1921.0,bombal
4074,Bib.Pop. Julio Migno,82028,1998.0,
1116,Bib.Pop. Guido y Spano,82042,1925.0,
3032,Bib.Pop. Cervantes,82028,1963.0,yahoo
4045,Bib.Pop. Rincón del Medio,82028,2000.0,
475,Bib.Pop. Mariano Moreno,82028,1918.0,
424,Bib.Pop. Juan Bautista Alberdi,82028,1918.0,gmail
1399,Bib.Pop. Esteban Echeverría,82028,1929.0,
3678,Bib. Pop. Mafalda,82028,1996.0,
479,Bib.Pop. Estudio y labor S. Pastorino,82028,1917.0,yahoo
481,Bib.Pop. Bartolomé Mitre,82028,1920.0,gmail
2256,Bib.Pop. Mariano Moreno,82028,1944.0,
467,Bib.Pop. Manuel Belgrano,82028,1980.0,hotmail
468,Bib.Pop. María Perrisol,82028,,gmail
1808,Bib.Pop. Nicasio Oroño,82028,1917.0,gmail
1749,Bib.Pop. Manuel Lainez,82035,1980.0,
3957,Asoc.Bib.Pop. Domingo G. Silva,82035,2000.0,yahoo
2945,Bib. Pop.  D. F. Sarmiento,82042,1925.0,hotmail
1319,Bib.Pop. D.F.Sarmiento,82042,1928.0,
1952,Bib.Pop. Alberto Chovet,82042,1937.0,hotmail
1724,Bib.Pop. D.F.Sarmiento,82042,1932.0,
419,Bib.Pop. Nosotros,82028,1919.0,
3447,Bib. Pop. D. F. Sarmiento,82014,1963.0,gmail
3029,Bib.Pop. Mariano Moreno,82042,1975.0,gmail
2942,Bib.Pop. Leopoldo Lugones,82042,1976.0,bombal
2276,Bib.Pop. Bernardino Rivadavia,82042,1945.0,
2472,Bib. Pop. Mariano Moreno,82042,1950.0,hotmail
488,Bib.Pop. Bernardino Rivadavia,82042,1917.0,hotmail
1175,Bib.Pop. Mun. José Ingenieros,82042,1913.0,gmail
1994,Bib. Pop. Brig.Gral. E .López,82042,1938.0,
2037,"Bib.Pop.Juan B.Alberdi, C.Rec.y Cult.Unión",82042,1934.0,gmail
1472,Bib.Pop. D.F.Sarmiento,82042,1930.0,coopsancti
2339,Bib.Pop. Bernardino Rivadavia,82042,1937.0,hotmail
2182,Bib.Pop. Bernardino Rivadavia,82028,1943.0,
3426,Bib.Pop. Casa de la Cultura,82042,1992.0,
469,Bib.Pop. Florentino Ameghino,82042,1930.0,powervt
491,Bib.Pop. Juan Bautista Alberdi,82042,1915.0,
1582,Bib.Pop. D.F.Sarmiento,82042,1931.0,yahoo
1024,Bib.Pop. Manuel Lainez,82042,1924.0,
2840,Bib.Pop. Constancio C.Vigil,82042,1960.0,bepe
2642,Bib.Pop. Mariano Moreno,82049,1954.0,hotmail
3603,Bib.Esc.Pop. Laura Roldan,82049,1996.0,
4167,Bib.Pop. Julio Migno de Guadalupe Norte,82049,1980.0,hotmail
3812,Bib. Pop. Ernesto Sábato,82049,1980.0,hotmail
4360,Bib.Pop. Fortín Arenales,82049,2013.0,outlook
4154,15 de junio Biblioteca Popular,82049,1980.0,yahoo
2867,Bib.Pop. José Manuel Estrada,82049,1966.0,
426,Bib.Pop. Del Centro Soc.Cosmopolita,82049,1922.0,malabrigo
1014,Bib.Pop.Mun. Gral. Obligado,82049,1921.0,
4009,Bib.Pop. Padre Leonardo Castellani,82049,2000.0,
3664,Bib.Pop. Fray Ermete Constanzi,82049,1996.0,
2012,Bib.Pop. Mariano Moreno,82049,1980.0,hotmail
4060,Bib.Pop. Mercedes de Longhi,82049,1980.0,hotmail
3741,Bib.Pop. Padre Jorge Capello,82049,1997.0,
2208,Bib.Pop. Pablo A. Pizzurno,82056,1936.0,hotmail
2883,Bib.Pop. Alfonsina Storni,82056,1970.0,yahoo
414,Bib.Pop. Bernardino Rivadavia,82056,1920.0,gmail
1145,Bib.Pop.Inf. Pablo A. Pizzurno,82056,1924.0,
2831,Bib.Pop. D.F.Sarmiento,82056,1943.0,hotmail
1041,Bib.Pop. Pablo A. Pizzurno,82119,1924.0,yahoo
2178,Bib.Pop. Pablo A. Pizzurno,82056,1943.0,hotmail
3936,Bib. Pop. Caja de Créditos Correa,82056,1976.0,hotmail
3817,Bib.Pop. José Pedroni,82056,1980.0,
2421,Bib.Pop. Mariano Moreno,82056,1939.0,
4070,Bib. Pop. Manuel Belgrano,82056,2002.0,yahoo
973,Bib.Pop. D.F.Sarmiento,82056,1920.0,gmail
2913,Bib.Esc. Pop. Constancio C. Vigil,82056,1973.0,outlook
3558,Bib.Pop. Amanecer,82063,1996.0,
1771,Bib.Pop. Gob. Mariano Cabal,82063,1929.0,
1083,Bib.Pop. Juan Bautista Alberdi,82063,1925.0,hotmail
2384,Bib. Pop. Villa Talleres,82063,1945.0,
463,Bib.Pop. Domingo Guzmán Silva,82063,1918.0,hotmail
455,Bib.Pop. Bartolomé Mitre,82063,1907.0,yahoo
487,Bib.Pop. Mariano Moreno,82063,1912.0,yahoo
1016,Bib.Pop.Ped. D.F.Sarmiento,82063,1915.0,santafe-conicet
2123,Bib.Pop. D.F.Sarmiento,82063,1939.0,hotmail
2331,Bib.Pop. Hogar del maestro,82063,1947.0,gmail
2444,Bib. Pop. Centro Español,82063,1943.0,gmail
2611,Bib.Pop. Mateo Booz,82063,1942.0,gmail
2772,Bib.Pop. Pablo A. Pizzurno de Santa Fe,82063,1929.0,hotmail
3639,Bib.Pop. Emilio Zola,82063,1980.0,
3934,Bib. Pop. Bica,82063,1976.0,gmail
4276,Bib.Pop. Elena Verón,82063,2006.0,
4301,Bib.Pop. Osvaldo Bayer,82063,2010.0,yahoo
4302,Bib.Pop. Santafesina,82063,2009.0,hotmail
4308,Bib.Pop. Juglares sin Fronteras,82063,2010.0,gmail
4330,Bib. Pop. Amilcar Renna,82063,2013.0,gmail
4391,De Las orillas,82063,2022.0,
2698,Bib.Pop. José Hernández,82063,1980.0,
2885,Bib.Pop. Dr. Ricardo D. G. Alcacer,82070,1969.0,educ
1144,Bib. Pop. Mariano Moreno,82070,1926.0,hotmail
945,Bib.Pop. Beck Herzog,82070,1922.0,arnet
2207,Bib.Pop. Juan Bautista Alberdi,82070,1943.0,hotmail
4381,"Bib. Pop. ""José Hernández""",82070,2018.0,gmail
4206,Bib. Pop. Walter Gunziger,82070,1980.0,hotmail
4298,Bib.Pop. Nuevo Torino,82070,2010.0,gmail
3873,Bib.Pop. de Pilar,82070,1998.0,pilar-sfe
4226,Bib.Pop.María Emilia Divo,82070,2003.0,hotmail
4379,"Bib. Pop. ""Ángela Peralta Pino""",82070,2018.0,hotmail
4234,Bib.Pop. Eduardo de Sa Pereira,82070,2006.0,yahoo
461,Bib.Pop. Centro Rivadavia,82070,1911.0,
4377,Bib. Pop. y Pub. George Baud,82070,2008.0,
462,Bib.Pop. Gottfried Keller,82070,,hotmail
3978,Bib. Pop. Mariano Moreno,82070,2000.0,hotmail
2811,Bib.Pop. Domingo Faustino Sarmiento,82070,1935.0,gmail
2110,Bib.Pop. D.F.Sarmiento,82070,1942.0,
1800,Bib. Pop. Nº 1800 José Malet,82084,1932.0,gmail
470,Bib.Pop. Carlos Guido Spano,82084,1917.0,msn
1265,Bib.Pop.Inf. 25 de Mayo,82084,1980.0,gmail
430,Bib.Pop. Bernardino Rivadavia,82084,1918.0,
416,Bib.Pop. Mariano Moreno,82084,1919.0,
3898,Bib.Pop. El buen saber,82084,2000.0,yahoo
4147,Bib. Mun. y Pop. Ferdinando Ricci,82084,1980.0,
4220,Bib.Pop.Julio Migno de Ibarlucea,82084,2007.0,hotmail
440,Bib.Pop. Escuela de la A.de Muj.de Ros.,82084,,
442,Bib.Pop.Ped.Inf. Eudoro Díaz,82084,,
483,Bib.Pop. Estímulo al estudio,82084,1911.0,yahoo
982,Bib.Pop. Amor al estudio,82084,1922.0,hotmail
1063,Bib.Pop. Libertad,82084,1922.0,
1093,Bib.Pop.Pub. Aristóbulo del Valle,82084,1925.0,yahoo
1259,Bib.Pop. Proa,82084,1927.0,
1947,Bib.Pop. Amor a la verdad,82084,1926.0,
1989,Bib.Pop.Inf. Mitre,82084,1936.0,
2004,Bib.Pop. Juan Bautista Alberdi,82084,1935.0,hotmail
2005,Bib.Pop. Homero,82084,1936.0,hotmail
2094,Bib.Pop. Dr. A. Franzini Herrera,82084,1928.0,yahoo
2237,Bib.Pop. Solidaridad social,82084,1942.0,
2449,Bib. Pop. Mun. Arg. Dr. Juan Alvarez,82084,1910.0,rosario
2690,Bib.Pop. Constancio C. Vigil,82084,1944.0,gmail
2876,Bib.Pop. Alvaro Flores Estrada - Ctro Asturiano,82084,1904.0,
3006,Bib.Pop. Mariano Moreno,82084,1979.0,hotmail
3199,Bib.Pop. Alfonsina Storni,82084,1990.0,gmail
3528,Bib. Pop. La Florida,82084,1976.0,yahoo
3710,Bib.Pop. Centro cultural Rosario,82084,1998.0,
3869,Bib.Pop. Roberto Fontanarrosa,82084,1980.0,hotmail
3907,"Centro Educación, Comunicación y Bib. Pop.Cachilo",82084,2000.0,gmail
3971,Bib. Pop. Primera Ambiental y Ecológica de Rosario,82084,1993.0,
3980,Bib.Pop. Casa de Luxemburgo,82084,2000.0,gmail
4012,Bib.Pop. Dr. Lisandro de la Torre,82084,2001.0,
4082,Bib. Pop. Gastón Gori,82084,2002.0,hotmail
4114,Bib. Pop. Pocho Lepratti,82084,2002.0,
4191,Asoc.Civ.Bib.Pop. Raíces y Alas,82084,1980.0,hotmail
4257,Bib. Pop. para el Desarrollo Social,82084,2006.0,
3923,Bib. Pop. José Pedroni,82084,2000.0,yahoo
3892,Bib. Pop. Amor a la patria,82084,1995.0,hotmail
3820,Bib.Pop. José Hernández,82091,1998.0,
3911,Asoc.Civ.Bib.Pop. Miguel Angel Sosa,82091,2000.0,cooparrufo
413,Bib.Pop.D.F.Sarmiento,82091,1910.0,hotmail
4321,Bib. Pop. Teresa de Calcuta,82091,2012.0,
4397,Biblioteca Popular Gaston Bianchi,82091,2022.0,gmail
2187,Bib.Pop. Juan Bautista Alberdi,82091,1935.0,yahoo
427,Bib.Pop. Barón Hirsch,82091,1913.0,
460,Bib.Pop. San Martín,82091,1910.0,hotmail
2655,Club Union Cultural y Deportivo y Bib. Pop.,82091,1954.0,
1924,Bib.Pop. D.F. Sarmiento,82091,1933.0,gmail
3948,Bib.Pop.  Alas,82091,2000.0,vtcc
4157,Bib.Pop. Compartir,82098,1980.0,hotmail
3155,Bib.Pop. Despertar,82098,1981.0,romang
4038,Bib.Pop. Julio Migno,82098,1983.0,yahoo
906,Bib.Pop. de Barrancas,82105,1922.0,
417,Bib.Pop. Coronel José Rodríguez,82105,1912.0,
4356,Bib. Pop. Los Libros y el Río,82105,2014.0,outlook
4282,Bib.Pop. del Bicentenario,82105,2011.0,hotmail
420,Bib.Pop. Dr. Andrés Egaña,82105,1905.0,cablenet
476,Bib.Pop. Dr. Pedro S. Alcacer,82105,1919.0,hotmail
466,Bib.Pop. Rivadavia,82105,1918.0,
925,Bib.Pop. Estanislao Zeballos,82112,1922.0,hotmail
4068,Bib. Pop. Luis Landriscina,82112,2002.0,gcrespo
1135,Bib.Pop. Florentino Ameghino,82112,1922.0,
991,Bib.Pop. Mariano Moreno,82112,1919.0,sanjustosf
3977,Bib.Esc.Pop. San Martín Norte (Escuela de la Familia Agrícola N,82112,2000.0,hotmail
4353,Bib. Pop. Miguel A. Fabellotti,82112,2006.0,gmail
3635,Bib.Pub.Com.y Pop. Bartolomé Mitre,82021,1980.0,
3570,Bib.Pub.Mun.Pop. Dr. Lisandro de la Torre,82119,1977.0,hotmail
1152,Bib.Pop. Sarmiento,82119,1917.0,arnet
2038,Bib.Pop. Almafuerte,82119,1939.0,gmail
429,Bib.Pop. Bernardino Rivadavia,82119,1920.0,
3538,Bib.Pop.Pub. Los paraisos,82119,1980.0,
489,Bib.Esc.Pop. D.F.Sarmiento,82119,1918.0,
1119,Bib.Pop. Juan Bautista Alberdi,82126,1924.0,velosat
473,Bib.Pop. José Mármol,82126,1917.0,live
985,Bib.Pop. Bartolomé Mitre,82126,1924.0,yahoo
3365,Bib.Pop. Domingo Piccolo,82126,2005.0,eltrebol
3013,Bib.Pop. de Landeta,82126,1979.0,gmail
2946,Bib.Pop. Carlos Jewell,82126,1975.0,
4223,Bib. Pop. Alejandría,82126,2008.0,outlook
2631,Bib.Pop. Bartolomé Mitre,82126,1932.0,
1970,Bib.Pop. San Martín,82126,1937.0,gmail
1395,Bib.Pop. Rivadavia,82126,1929.0,
1838,Bib.Pop. Juan Bautista Alberdi,82126,1934.0,sme
876,Bib.Pop. Gral. José de San Martín,82126,1919.0,sme
4029,Bib.Pop. Jose Hernández,82021,1980.0,yahoo
4015,Bib. Pop. Felicia,82070,2002.0,outlook
4011,Bib. Pop. Alfonsina Storni,82105,2000.0,
4044,Bib.Pop. Martín Fierro,82063,1980.0,
4174,Asoc.Civ.Bib.Pop. Mariano Moreno de Villada,82014,2004.0,yahoo
4198,Bib.Pop. Angel José Medina,82133,1980.0,hotmail
3451,Bib.Pop.Dependiente E.E.T.P.I. Nº 8211,82133,1980.0,
4233,Bib. Pop. Sofia Barat,82133,2008.0,
3030,Bib.Pop. José Pedroni,82133,1980.0,trcnet
3390,Bib.Pop. Tanino,82133,1995.0,csdnet
3379,Bib.Pop. de Margarita,82133,1994.0,cosemar
4231,"Bib. Pop. Tartagal, mi pueblo",82133,2007.0,
422,Bib.Pop. Dr. Allende Lezama,82133,1907.0,
4209,Bib. Pop. Profesor Víctor HUgo Olivares,86049,2008.0,
3975,Bib.Pop. de Campo Gallo,86014,1997.0,
3699,Bib.Pop. Padre Alberto Ciupke,86021,1980.0,
615,Bib.Pop. Bartolomé Mitre,86028,1916.0,
3703,Bib.Pop. Alfonso Nassif,86028,1980.0,hotmail
4323,Bib. Pop. Hna. María Pía Bettini,86028,2012.0,
624,Bib.Pop. Mariano Moreno,86035,1929.0,
619,Bib.Pop. Bernardino Rivadavia,86035,1910.0,
1264,Bib.Pop. Juan Bautista Alberdi,86035,1927.0,
2311,Bib.Pop. Absalon Rojas,86035,1945.0,
2456,Bib.Pop. Narciso Laprida,86035,1946.0,
2763,Bib.Pop. Conrado Juarez,86035,1940.0,hotmail
3123,Bib.Pop. Carlos Pellegrini,86035,1966.0,live
3174,Bib.Pop. Domingo A. Bravo,86035,1987.0,hotmail
3192,Bib.Pop. Luis O. Orieta,86035,1992.0,
3274,Bib.Pop. San Martín,86035,1994.0,hotmail
3827,Bib.Pop. Río dulce,86035,1980.0,hotmail
4089,Bib.Pop. Fortunato Júarez Barrios Miski Mayu y Parque Indus,86035,1980.0,hotmail
4091,Bib.Pop. Ada Nilda Alderete,86035,2001.0,
2252,Bib.Pop. Manuel Belgrano,86042,1943.0,hotmail
3115,Bib.Pop. Florentino Ameghino,86049,1942.0,
621,Bib.Pop. D.F.Sarmiento,86049,,hotmail
1007,Bib.Pop. Gob. Eduardo Miguel,86049,1980.0,
1081,Bib.Pop. Juan Bautista Alberdi,86049,1925.0,
1204,Bib.Pop. Agustín Alvarez,86049,1926.0,hotmail
1662,Bib.Pop. Pedro Firmo Unzaga,86049,1930.0,yahoo
1665,Bib.Pop. Dr. Manuel Gorostiaga,86049,1927.0,
2084,"Asoc, Cult. y Vecinal y Bib.Pop Ricardo Rojas",86049,1938.0,gmail
2262,Bib.Pop. Francisca Jacques,86049,1942.0,
2578,Bib.Pop. Miguel Martín de Güemes,86049,1940.0,
3122,Bib.Pop. Esteban Echeverría,86049,1933.0,hotmail
3124,Bib.Pop. Francisco de Aguirre,86049,1980.0,
3164,Bib.Pop. Jorge W. Abalos,86049,1988.0,
3428,Bib.Pop. Segundo M. Arce,86049,1980.0,
3489,Bib.Pop. Juan F. Bianchi,86049,1980.0,
3496,Bib. Pop. Club de maestros,86049,1980.0,hotmail
3533,Bib.Pop. M. E. R. Vargas de Basualdo,86049,1980.0,
3566,Bib. Esc. Pop. Siglo XXI,86049,1996.0,hotmail
3920,Bib.Pop. Dr. Orestes di Lullo,86049,1980.0,
4057,Bib.Pop. José Mármol,86049,1936.0,hotmail
4059,Bib.Pop. Dr. Raúl Dargoltz,86049,2000.0,
4067,Bib.Pop. Andrés Chazarreta,86049,2001.0,
4200,Bib.Pop. Dr. Bernardo Canal Feijoo,86049,1980.0,hotmail
4225,Bib.Pop. Mariano Moreno,86049,1980.0,
4358,Bib.Pop. Shunko,86049,2003.0,gmail
616,Bib.Pop. D.F.Sarmiento,86063,1908.0,
4190,Bib.Pop. Juan Carlos Infante del Castaño,86063,1980.0,
3562,Bib.Pop. Julio Bustamante,86126,1980.0,
3927,Bib.Pop. Alberto J. Montenegro,86056,2001.0,
612,Bib.Pop. Almafuerte,86077,1919.0,hotmail
1179,Bib.Pop. de Añatuya,86077,1922.0,hotmail
4025,Bib. Pop. Alfonsina Storni,86077,2001.0,
4253,Bib. Pop. Mariano Moreno,86091,2009.0,gmail
3598,Bib.Pop. Jorge Luis Borges,86098,1980.0,
3816,Bib.Pop. Eduardo Miguel,86105,1999.0,hotmail
3694,Bib.Pop. José María Lami Hernández,86126,1980.0,
4107,Bib. Pop. San Roque,86056,2003.0,
3335,Bib.Pop. Sumampa,86140,1992.0,
1863,Bib.Pop. D.F.Sarmiento,86147,1980.0,
2813,Bib.Pop. Manuel Belgrano,86147,1962.0,
2854,Bib.Pop. Ricardo Rojas,86147,1964.0,
1497,Bib.Pop. Mariano Moreno,86147,1917.0,hotmail
3893,Bib.Pop. Juan Bautista Marozzi,86154,1997.0,
4328,Bib. Pop. El Algarrobal,86161,2012.0,gmail
1361,Bib.Pop. San Martín,86161,1928.0,
2108,Bib.Pop. Almafuerte,86161,1917.0,
3370,Bib.Pop. José Hernández,86161,1992.0,
2597,Bib.Pop. Eduardo Schmidt (h,94007,1953.0,hotmail
3239,Bib.Pop. Infanto Juvenil,94007,1993.0,hotmail
3252,Bib.Pop. Mariano Moreno,94007,1992.0,
3340,Bib.Pop. Kau Kren de la Dcion. Pcial. de Juventud,94007,1980.0,hotmail
3951,Asoc.Civ. Nuestra Biblioteca Popular,94007,2001.0,hotmail
4150,Bib. Pop. Leonor María Piñeiro,94007,1980.0,hotmail
3540,Bib.Pop. Malvinas argentinas,94007,1980.0,
1180,Bib.Pop. D.F.Sarmiento,94014,1926.0,
3422,Bib.Pop. Alfonsina Storni,94014,1994.0,
4386,BP Patria Grande,90084,2022.0,gmail
644,Bib.Pop. Alberdi,90084,1903.0,hotmail
645,Bib.Pop. A. M. Garmendia de Frías,90084,1905.0,
1489,Bib.Pop. Miguel Lillo,90084,1929.0,
1851,Bib.Pop.Inf. Belgrano,90084,1934.0,
2032,Bib.Pop. Justo José de Urquíza,90084,1927.0,
2130,Bib.Pop. Gral. Belgrano,90084,1935.0,
3120,Bib.Pop. Dr. Antonio Torres,90084,1947.0,
4050,Bib.Pop. El saber ciudadano,90084,2001.0,hotmail
4333,BIb. Pop. Osvaldo Bayer,90084,2011.0,gmail
3539,Bib.Pop. Leopoldo Lugones,90014,1988.0,hotmail
3989,Bib.Pop. 24 de Septiembre,90014,1980.0,
3119,Bib.Pop. Juan Pablo II,90014,1980.0,hotmail
908,Bib.Pop. Marco M. Avellaneda,90014,1920.0,
1611,Bib.Pop. Manuel Lainez,90028,1932.0,
4320,Bib. Pop. Batalla de Famailla,90028,2012.0,
640,Bib.Pop. La Madrid,90035,1921.0,
652,Bib.Pop. Belgrano,90042,1912.0,
2356,Bib.Pop. 25 de Mayo,90049,1909.0,
3532,Bib.Pop. Padre Saravia,90056,1995.0,gmail
2260,Bib.Pop. Almafuerte,90056,1917.0,
661,Bib.Pop. Ernesto E. Padilla,90056,1926.0,
642,Bib.Pop. Bartolomé Mitre,90070,1906.0,yahoo
2418,Bib. Pop. Obrera M.Luisa Bufo de Ferro,90070,1949.0,yahoo
3116,Bib.Pop. Isauro y A. Arancibia,90070,1987.0,hotmail
1799,Bib.Pop. Carlos N. Vergara,90070,1929.0,yahoo
4303,Bib.Pop. Santa Lucía,90070,2012.0,
634,Bib.Pop. Ricardo Rojas,90077,1911.0,
3077,Bib.Pop. Alfonsina Storni Los Sarmientos,90077,1972.0,
635,Bib.Pop. Nicolás Avellaneda,90021,1980.0,
651,Bib.Pop. Mariano Moreno,90112,1912.0,
3291,Bib.Pop. Amado Juarez,90098,1909.0,
3159,Bib.Pop. Manuel Aldonate,90098,1980.0,
1170,Bib.Pop. Ing. A. Pasquini,90105,1923.0,
1658,Bib.Pop. Juan Bautista Alberdi,90105,1928.0,
2015,Bib.Pop. Hipólito Yrigoyen,90105,1935.0,
2814,Bib.Pop. Manuel Lizondo Borda,90105,1959.0,
4158,Bib.Pop. La Randa,90119,1980.0,yahoo
