id_depto,id_nivel,cantidad
2000,jardin_infante,57070
2000,jardin_maternal,88856
2000,primaria,222923
2000,secundaria,198352
2000,terciario,1375842
2105,jardin_infante,3662
2105,jardin_maternal,5726
2105,primaria,14068
2105,secundaria,12311
2105,terciario,96243
6007,jardin_infante,520
6007,jardin_maternal,772
6007,primaria,1697
6007,secundaria,1437
6007,terciario,7287
6014,jardin_infante,341
6014,jardin_maternal,609
6014,primaria,1401
6014,secundaria,1170
6014,terciario,5444
6021,jardin_infante,328
6021,jardin_maternal,576
6021,primaria,1378
6021,secundaria,1198
6021,terciario,5228
6028,jardin_infante,17241
6028,jardin_maternal,26521
6028,primaria,67913
6028,secundaria,58227
6028,terciario,270760
6035,jardin_infante,9037
6035,jardin_maternal,13747
6035,primaria,37082
6035,secundaria,32476
6035,terciario,166744
6042,jardin_infante,696
6042,jardin_maternal,1003
6042,primaria,2442
6042,secundaria,2150
6042,terciario,9325
6049,jardin_infante,2129
6049,jardin_maternal,3261
6049,primaria,8219
6049,secundaria,7066
6049,terciario,32375
6056,jardin_infante,8541
6056,jardin_maternal,14080
6056,primaria,33944
6056,secundaria,28746
6056,terciario,155751
6063,jardin_infante,1315
6063,jardin_maternal,2323
6063,primaria,5070
6063,secundaria,4268
6063,terciario,20977
6070,jardin_infante,1184
6070,jardin_maternal,2041
6070,primaria,4372
6070,secundaria,3818
6070,terciario,17645
6077,jardin_infante,965
6077,jardin_maternal,1679
6077,primaria,3542
6077,secundaria,2961
6077,terciario,14175
6084,jardin_infante,641
6084,jardin_maternal,967
6084,primaria,2277
6084,secundaria,2015
6084,terciario,8719
6091,jardin_infante,10173
6091,jardin_maternal,15633
6091,primaria,41462
6091,secundaria,35467
6091,terciario,166836
6098,jardin_infante,2907
6098,jardin_maternal,4797
6098,primaria,11779
6098,secundaria,9722
6098,terciario,46587
6105,jardin_infante,1030
6105,jardin_maternal,1800
6105,primaria,3857
6105,secundaria,3206
6105,terciario,15551
6112,jardin_infante,1274
6112,jardin_maternal,2086
6112,primaria,4807
6112,secundaria,4203
6112,terciario,19284
6119,jardin_infante,986
6119,jardin_maternal,1602
6119,primaria,3997
6119,secundaria,3510
6119,terciario,14574
6126,jardin_infante,3214
6126,jardin_maternal,4906
6126,primaria,12587
6126,secundaria,10846
6126,terciario,50255
6134,jardin_infante,2459
6134,jardin_maternal,3766
6134,primaria,9538
6134,secundaria,7497
6134,terciario,32885
6140,jardin_infante,423
6140,jardin_maternal,757
6140,primaria,1713
6140,secundaria,1441
6140,terciario,7269
6147,jardin_infante,669
6147,jardin_maternal,1062
6147,primaria,2491
6147,secundaria,2110
6147,terciario,9923
6154,jardin_infante,459
6154,jardin_maternal,648
6154,primaria,1557
6154,secundaria,1266
6154,terciario,5876
6161,jardin_infante,532
6161,jardin_maternal,911
6161,primaria,1927
6161,secundaria,1709
6161,terciario,7667
6168,jardin_infante,283
6168,jardin_maternal,477
6168,primaria,1013
6168,secundaria,904
6168,terciario,4285
6175,jardin_infante,728
6175,jardin_maternal,1286
6175,primaria,2851
6175,secundaria,2561
6175,terciario,12022
6182,jardin_infante,1810
6182,jardin_maternal,2895
6182,primaria,7353
6182,secundaria,6424
6182,terciario,29757
6189,jardin_infante,417
6189,jardin_maternal,714
6189,primaria,1609
6189,secundaria,1418
6189,terciario,6307
6196,jardin_infante,746
6196,jardin_maternal,1144
6196,primaria,2791
6196,secundaria,2166
6196,terciario,9673
6203,jardin_infante,1078
6203,jardin_maternal,1803
6203,primaria,4418
6203,secundaria,3537
6203,terciario,17717
6210,jardin_infante,1315
6210,jardin_maternal,2203
6210,primaria,5344
6210,secundaria,4811
6210,terciario,22960
6218,jardin_infante,1277
6218,jardin_maternal,1890
6218,primaria,4976
6218,secundaria,4223
6218,terciario,18682
6224,jardin_infante,1883
6224,jardin_maternal,3023
6224,primaria,7181
6224,secundaria,6479
6224,terciario,30588
6231,jardin_infante,558
6231,jardin_maternal,837
6231,primaria,1986
6231,secundaria,1828
6231,terciario,7790
6238,jardin_infante,930
6238,jardin_maternal,1639
6238,primaria,3369
6238,secundaria,2998
6238,terciario,13504
6245,jardin_infante,2006
6245,jardin_maternal,2911
6245,primaria,7776
6245,secundaria,6660
6245,terciario,29046
6252,jardin_infante,8408
6252,jardin_maternal,13492
6252,primaria,31983
6252,secundaria,25714
6252,terciario,121300
6260,jardin_infante,10576
6260,jardin_maternal,17094
6260,primaria,41112
6260,secundaria,34241
6260,terciario,160426
6266,jardin_infante,1300
6266,jardin_maternal,2124
6266,primaria,4920
6266,secundaria,3860
6266,terciario,18450
6270,jardin_infante,6711
6270,jardin_maternal,10444
6270,primaria,25615
6270,secundaria,21089
6270,terciario,97004
6274,jardin_infante,16792
6274,jardin_maternal,27871
6274,primaria,64455
6274,secundaria,52426
6274,terciario,231650
6277,jardin_infante,320
6277,jardin_maternal,556
6277,primaria,1275
6277,secundaria,1107
6277,terciario,4525
6280,jardin_infante,1313
6280,jardin_maternal,2257
6280,primaria,4822
6280,secundaria,4254
6280,terciario,19464
6287,jardin_infante,281
6287,jardin_maternal,477
6287,primaria,1137
6287,secundaria,912
6287,terciario,4541
6294,jardin_infante,437
6294,jardin_maternal,775
6294,primaria,1535
6294,secundaria,1404
6294,terciario,6768
6301,jardin_infante,602
6301,jardin_maternal,1016
6301,primaria,2272
6301,secundaria,1893
6301,terciario,8932
6308,jardin_infante,98
6308,jardin_maternal,138
6308,primaria,338
6308,secundaria,304
6308,terciario,1300
6315,jardin_infante,614
6315,jardin_maternal,934
6315,primaria,2637
6315,secundaria,2375
6315,terciario,9883
6322,jardin_infante,308
6322,jardin_maternal,558
6322,primaria,1263
6322,secundaria,980
6322,terciario,4956
6329,jardin_infante,581
6329,jardin_maternal,885
6329,primaria,2054
6329,secundaria,1823
6329,terciario,8119
6336,jardin_infante,183
6336,jardin_maternal,236
6336,primaria,636
6336,secundaria,493
6336,terciario,2123
6343,jardin_infante,450
6343,jardin_maternal,645
6343,primaria,1705
6343,secundaria,1390
6343,terciario,6131
6351,jardin_infante,394
6351,jardin_maternal,710
6351,primaria,1321
6351,secundaria,1175
6351,terciario,5528
6357,jardin_infante,15895
6357,jardin_maternal,25532
6357,primaria,62565
6357,secundaria,57730
6357,terciario,294369
6364,jardin_infante,5312
6364,jardin_maternal,8825
6364,primaria,20970
6364,secundaria,15698
6364,terciario,67000
6371,jardin_infante,10861
6371,jardin_maternal,17177
6371,primaria,44539
6371,secundaria,39634
6371,terciario,203992
6385,jardin_infante,699
6385,jardin_maternal,1102
6385,primaria,2538
6385,secundaria,2039
6385,terciario,9549
6392,jardin_infante,1030
6392,jardin_maternal,1767
6392,primaria,4006
6392,secundaria,3428
6392,terciario,15036
6399,jardin_infante,323
6399,jardin_maternal,499
6399,primaria,1189
6399,secundaria,1063
6399,terciario,4866
6406,jardin_infante,317
6406,jardin_maternal,472
6406,primaria,1110
6406,secundaria,965
6406,terciario,4383
6408,jardin_infante,4599
6408,jardin_maternal,7021
6408,primaria,18866
6408,secundaria,16751
6408,terciario,84333
6410,jardin_infante,4328
6410,jardin_maternal,6379
6410,primaria,17692
6410,secundaria,16004
6410,terciario,79820
6412,jardin_infante,11227
6412,jardin_maternal,18370
6412,primaria,42316
6412,secundaria,34014
6412,terciario,154208
6413,jardin_infante,2810
6413,jardin_maternal,4733
6413,primaria,10433
6413,secundaria,8728
6413,terciario,44587
6420,jardin_infante,2940
6420,jardin_maternal,4515
6420,primaria,11364
6420,secundaria,10072
6420,terciario,42080
6427,jardin_infante,59108
6427,jardin_maternal,97926
6427,primaria,225872
6427,secundaria,181212
6427,terciario,864773
6434,jardin_infante,11148
6434,jardin_maternal,16985
6434,primaria,44506
6434,secundaria,39855
6434,terciario,207487
6441,jardin_infante,19886
6441,jardin_maternal,32189
6441,primaria,77998
6441,secundaria,67326
6441,terciario,366674
6448,jardin_infante,377
6448,jardin_maternal,524
6448,primaria,1366
6448,secundaria,1152
6448,terciario,4883
6455,jardin_infante,749
6455,jardin_maternal,1233
6455,primaria,2771
6455,secundaria,2543
6455,terciario,11336
6462,jardin_infante,486
6462,jardin_maternal,875
6462,primaria,1838
6462,secundaria,1700
6462,terciario,7283
6466,jardin_infante,180
6466,jardin_maternal,263
6466,primaria,639
6466,secundaria,570
6466,terciario,2758
6469,jardin_infante,1254
6469,jardin_maternal,2226
6469,primaria,4674
6469,secundaria,4080
6469,terciario,19130
6476,jardin_infante,456
6476,jardin_maternal,846
6476,primaria,1865
6476,secundaria,1638
6476,terciario,7652
6483,jardin_infante,1261
6483,jardin_maternal,2033
6483,primaria,4668
6483,secundaria,4035
6483,terciario,17878
6490,jardin_infante,19589
6490,jardin_maternal,31236
6490,primaria,76967
6490,secundaria,65257
6490,terciario,315856
6497,jardin_infante,3137
6497,jardin_maternal,5215
6497,primaria,12341
6497,secundaria,10388
6497,terciario,50410
6505,jardin_infante,690
6505,jardin_maternal,1245
6505,primaria,2768
6505,secundaria,2260
6505,terciario,10351
6511,jardin_infante,339
6511,jardin_maternal,522
6511,primaria,1234
6511,secundaria,995
6511,terciario,4789
6515,jardin_infante,9982
6515,jardin_maternal,15961
6515,primaria,40319
6515,secundaria,34959
6515,terciario,165230
6518,jardin_infante,963
6518,jardin_maternal,1556
6518,primaria,3622
6518,secundaria,3044
6518,terciario,14461
6525,jardin_infante,2370
6525,jardin_maternal,3603
6525,primaria,8477
6525,secundaria,7148
6525,terciario,30198
6532,jardin_infante,2081
6532,jardin_maternal,3376
6532,primaria,7882
6532,secundaria,6753
6532,terciario,31636
6539,jardin_infante,18543
6539,jardin_maternal,29464
6539,primaria,71541
6539,secundaria,59718
6539,terciario,270806
6547,jardin_infante,782
6547,jardin_maternal,1140
6547,primaria,3031
6547,secundaria,2380
6547,terciario,10913
6553,jardin_infante,222
6553,jardin_maternal,374
6553,primaria,942
6553,secundaria,782
6553,terciario,3707
6560,jardin_infante,19407
6560,jardin_maternal,31384
6560,primaria,76357
6560,secundaria,60359
6560,terciario,274389
6568,jardin_infante,7179
6568,jardin_maternal,10865
6568,primaria,28780
6568,secundaria,26584
6568,terciario,148202
6574,jardin_infante,549
6574,jardin_maternal,952
6574,primaria,2341
6574,secundaria,2082
6574,terciario,8690
6581,jardin_infante,2632
6581,jardin_maternal,4282
6581,primaria,10545
6581,secundaria,9347
6581,terciario,43079
6588,jardin_infante,1583
6588,jardin_maternal,2380
6588,primaria,5830
6588,secundaria,4999
6588,terciario,21851
6595,jardin_infante,3371
6595,jardin_maternal,5183
6595,primaria,13055
6595,secundaria,11526
6595,terciario,53566
6602,jardin_infante,1097
6602,jardin_maternal,1760
6602,primaria,4262
6602,secundaria,3335
6602,terciario,17107
6609,jardin_infante,1285
6609,jardin_maternal,2189
6609,primaria,4827
6609,secundaria,4284
6609,terciario,18524
6616,jardin_infante,240
6616,jardin_maternal,422
6616,primaria,831
6616,secundaria,610
6616,terciario,2958
6623,jardin_infante,3262
6623,jardin_maternal,5414
6623,primaria,12264
6623,secundaria,10389
6623,terciario,50069
6630,jardin_infante,169
6630,jardin_maternal,239
6630,primaria,592
6630,secundaria,441
6630,terciario,2047
6638,jardin_infante,12657
6638,jardin_maternal,21836
6638,primaria,49944
6638,secundaria,41528
6638,terciario,188250
6644,jardin_infante,1193
6644,jardin_maternal,1850
6644,primaria,4519
6644,secundaria,3979
6644,terciario,18531
6648,jardin_infante,3780
6648,jardin_maternal,6390
6648,primaria,14476
6648,secundaria,11730
6648,terciario,48123
6651,jardin_infante,362
6651,jardin_maternal,636
6651,primaria,1459
6651,secundaria,1232
6651,terciario,6553
6655,jardin_infante,370
6655,jardin_maternal,566
6655,primaria,1384
6655,secundaria,1047
6655,terciario,5221
6658,jardin_infante,18414
6658,jardin_maternal,28939
6658,primaria,70881
6658,secundaria,60085
6658,terciario,289178
6665,jardin_infante,1289
6665,jardin_maternal,2162
6665,primaria,4707
6665,secundaria,4088
6665,terciario,17884
6672,jardin_infante,475
6672,jardin_maternal,722
6672,primaria,1761
6672,secundaria,1519
6672,terciario,7013
6679,jardin_infante,647
6679,jardin_maternal,1087
6679,primaria,2317
6679,secundaria,1873
6679,terciario,8495
6686,jardin_infante,718
6686,jardin_maternal,1133
6686,primaria,2724
6686,secundaria,2362
6686,terciario,10887
6693,jardin_infante,406
6693,jardin_maternal,698
6693,primaria,1572
6693,secundaria,1316
6693,terciario,6219
6700,jardin_infante,533
6700,jardin_maternal,903
6700,primaria,2109
6700,secundaria,1799
6700,terciario,9138
6707,jardin_infante,1017
6707,jardin_maternal,1699
6707,primaria,3785
6707,secundaria,3339
6707,terciario,14925
6714,jardin_infante,1206
6714,jardin_maternal,1969
6714,primaria,4405
6714,secundaria,3794
6714,terciario,17267
6721,jardin_infante,257
6721,jardin_maternal,396
6721,primaria,963
6721,secundaria,846
6721,terciario,3990
6728,jardin_infante,851
6728,jardin_maternal,1300
6728,primaria,3031
6728,secundaria,2583
6728,terciario,11951
6735,jardin_infante,826
6735,jardin_maternal,1294
6735,primaria,2873
6735,secundaria,2569
6735,terciario,11886
6742,jardin_infante,215
6742,jardin_maternal,400
6742,primaria,865
6742,secundaria,747
6742,terciario,3832
6749,jardin_infante,4513
6749,jardin_maternal,6985
6749,primaria,17900
6749,secundaria,15461
6749,terciario,79107
6756,jardin_infante,6483
6756,jardin_maternal,10574
6756,primaria,26323
6756,secundaria,25052
6756,terciario,126025
6760,jardin_infante,9567
6760,jardin_maternal,15185
6760,primaria,37035
6760,secundaria,30653
6760,terciario,155980
6763,jardin_infante,4686
6763,jardin_maternal,8041
6763,primaria,17845
6763,secundaria,15225
6763,terciario,74374
6770,jardin_infante,2198
6770,jardin_maternal,3583
6770,primaria,8283
6770,secundaria,7113
6770,terciario,30510
6778,jardin_infante,3756
6778,jardin_maternal,6103
6778,primaria,14032
6778,secundaria,10952
6778,terciario,45402
6784,jardin_infante,362
6784,jardin_maternal,619
6784,primaria,1328
6784,secundaria,1257
6784,terciario,5094
6791,jardin_infante,3807
6791,jardin_maternal,5978
6791,primaria,14723
6791,secundaria,12884
6791,terciario,66864
6798,jardin_infante,328
6798,jardin_maternal,545
6798,primaria,1125
6798,secundaria,1059
6798,terciario,4547
6805,jardin_infante,12571
6805,jardin_maternal,20040
6805,primaria,51961
6805,secundaria,45401
6805,terciario,207955
6812,jardin_infante,86
6812,jardin_maternal,158
6812,primaria,298
6812,secundaria,231
6812,terciario,1152
6819,jardin_infante,389
6819,jardin_maternal,608
6819,primaria,1549
6819,secundaria,1238
6819,terciario,6090
6826,jardin_infante,1466
6826,jardin_maternal,2550
6826,primaria,5326
6826,secundaria,4442
6826,terciario,21864
6833,jardin_infante,1620
6833,jardin_maternal,2640
6833,primaria,6392
6833,secundaria,5392
6833,terciario,26108
6840,jardin_infante,8387
6840,jardin_maternal,12779
6840,primaria,33616
6840,secundaria,30170
6840,terciario,165507
6847,jardin_infante,256
6847,jardin_maternal,426
6847,primaria,989
6847,secundaria,831
6847,terciario,3920
6854,jardin_infante,1004
6854,jardin_maternal,1702
6854,primaria,3733
6854,secundaria,3238
6854,terciario,14894
6861,jardin_infante,5762
6861,jardin_maternal,9131
6861,primaria,22610
6861,secundaria,21312
6861,terciario,120457
6868,jardin_infante,998
6868,jardin_maternal,1585
6868,primaria,4267
6868,secundaria,3801
6868,terciario,16660
6875,jardin_infante,945
6875,jardin_maternal,1641
6875,primaria,3677
6875,secundaria,3288
6875,terciario,15046
6882,jardin_infante,3751
6882,jardin_maternal,6225
6882,primaria,15431
6882,secundaria,13300
6882,terciario,61722
10007,jardin_infante,162
10007,jardin_maternal,212
10007,primaria,439
10007,secundaria,401
10007,terciario,2327
10014,jardin_infante,88
10014,jardin_maternal,155
10014,primaria,334
10014,secundaria,322
10014,terciario,1448
10021,jardin_infante,555
10021,jardin_maternal,980
10021,primaria,2037
10021,secundaria,2051
10021,terciario,9134
10028,jardin_infante,46
10028,jardin_maternal,96
10028,primaria,241
10028,secundaria,174
10028,terciario,911
10035,jardin_infante,937
10035,jardin_maternal,1545
10035,primaria,3513
10035,secundaria,3350
10035,terciario,14394
10042,jardin_infante,574
10042,jardin_maternal,1123
10042,primaria,2244
10042,secundaria,2043
10042,terciario,9405
10049,jardin_infante,5492
10049,jardin_maternal,8758
10049,primaria,20132
10049,secundaria,17544
10049,terciario,92695
10056,jardin_infante,126
10056,jardin_maternal,268
10056,primaria,517
10056,secundaria,485
10056,terciario,1926
10063,jardin_infante,454
10063,jardin_maternal,753
10063,primaria,1651
10063,secundaria,1397
10063,terciario,7121
10070,jardin_infante,826
10070,jardin_maternal,1526
10070,primaria,3146
10070,secundaria,2844
10070,terciario,12401
10077,jardin_infante,111
10077,jardin_maternal,206
10077,primaria,512
10077,secundaria,450
10077,terciario,2201
10084,jardin_infante,379
10084,jardin_maternal,609
10084,primaria,1480
10084,secundaria,1321
10084,terciario,5663
10091,jardin_infante,828
10091,jardin_maternal,1351
10091,primaria,2998
10091,secundaria,2619
10091,terciario,12479
10098,jardin_infante,401
10098,jardin_maternal,753
10098,primaria,1476
10098,secundaria,1361
10098,terciario,6342
10105,jardin_infante,751
10105,jardin_maternal,1273
10105,primaria,2784
10105,secundaria,2684
10105,terciario,11624
10112,jardin_infante,1045
10112,jardin_maternal,1622
10112,primaria,3862
10112,secundaria,3346
10112,terciario,16976
14007,jardin_infante,2252
14007,jardin_maternal,3650
14007,primaria,8474
14007,secundaria,7104
14007,terciario,33348
14014,jardin_infante,39517
14014,jardin_maternal,66260
14014,primaria,149261
14014,secundaria,132716
14014,terciario,737614
14021,jardin_infante,9232
14021,jardin_maternal,15021
14021,primaria,34951
14021,secundaria,29481
14021,terciario,139014
14028,jardin_infante,2131
14028,jardin_maternal,3519
14028,primaria,7539
14028,secundaria,6409
14028,terciario,28924
14035,jardin_infante,1085
14035,jardin_maternal,1820
14035,primaria,3828
14035,secundaria,3338
14035,terciario,15939
14042,jardin_infante,4746
14042,jardin_maternal,7748
14042,primaria,16719
14042,secundaria,13699
14042,terciario,71106
14049,jardin_infante,1156
14049,jardin_maternal,1969
14049,primaria,4159
14049,secundaria,3859
14049,terciario,15620
14056,jardin_infante,2093
14056,jardin_maternal,3512
14056,primaria,7504
14056,secundaria,6295
14056,terciario,30894
14063,jardin_infante,2942
14063,jardin_maternal,4849
14063,primaria,10712
14063,secundaria,9015
14063,terciario,46664
14070,jardin_infante,135
14070,jardin_maternal,236
14070,primaria,499
14070,secundaria,454
14070,terciario,2019
14077,jardin_infante,146
14077,jardin_maternal,231
14077,primaria,472
14077,secundaria,471
14077,terciario,2064
14084,jardin_infante,1093
14084,jardin_maternal,1814
14084,primaria,4130
14084,secundaria,3526
14084,terciario,16034
14091,jardin_infante,5868
14091,jardin_maternal,9346
14091,primaria,22996
14091,secundaria,19945
14091,terciario,96735
14098,jardin_infante,8025
14098,jardin_maternal,13645
14098,primaria,28900
14098,secundaria,24194
14098,terciario,126707
14105,jardin_infante,1955
14105,jardin_maternal,3348
14105,primaria,6664
14105,secundaria,5637
14105,terciario,26744
14112,jardin_infante,491
14112,jardin_maternal,833
14112,primaria,1890
14112,secundaria,1619
14112,terciario,6748
14119,jardin_infante,3247
14119,jardin_maternal,5576
14119,primaria,12120
14119,secundaria,10358
14119,terciario,51760
14126,jardin_infante,1303
14126,jardin_maternal,2025
14126,primaria,4666
14126,secundaria,3958
14126,terciario,18861
14133,jardin_infante,1806
14133,jardin_maternal,3003
14133,primaria,7043
14133,secundaria,5838
14133,terciario,28102
14140,jardin_infante,6694
14140,jardin_maternal,11043
14140,primaria,24255
14140,secundaria,21387
14140,terciario,102984
14147,jardin_infante,4630
14147,jardin_maternal,7372
14147,primaria,16655
14147,secundaria,13320
14147,terciario,63987
14154,jardin_infante,121
14154,jardin_maternal,224
14154,primaria,468
14154,secundaria,474
14154,terciario,1938
14161,jardin_infante,3484
14161,jardin_maternal,5630
14161,primaria,12660
14161,secundaria,10615
14161,terciario,52656
14168,jardin_infante,702
14168,jardin_maternal,1241
14168,primaria,2627
14168,secundaria,2260
14168,terciario,10383
14175,jardin_infante,389
14175,jardin_maternal,769
14175,primaria,1454
14175,secundaria,1262
14175,terciario,6097
14182,jardin_infante,3207
14182,jardin_maternal,5541
14182,primaria,12013
14182,secundaria,10336
14182,terciario,50253
18007,jardin_infante,1580
18007,jardin_maternal,2817
18007,primaria,5598
18007,secundaria,4349
18007,terciario,20299
18014,jardin_infante,103
18014,jardin_maternal,128
18014,primaria,301
18014,secundaria,288
18014,terciario,1312
18021,jardin_infante,13268
18021,jardin_maternal,21892
18021,primaria,47808
18021,secundaria,40759
18021,terciario,214558
18028,jardin_infante,1043
18028,jardin_maternal,1748
18028,primaria,3721
18028,secundaria,3145
18028,terciario,11911
18035,jardin_infante,1735
18035,jardin_maternal,2914
18035,primaria,6209
18035,secundaria,5270
18035,terciario,22549
18042,jardin_infante,577
18042,jardin_maternal,997
18042,primaria,2041
18042,secundaria,1795
18042,terciario,8416
18049,jardin_infante,1427
18049,jardin_maternal,2235
18049,primaria,4809
18049,secundaria,4256
18049,terciario,17245
18056,jardin_infante,302
18056,jardin_maternal,571
18056,primaria,1086
18056,secundaria,936
18056,terciario,3842
18063,jardin_infante,531
18063,jardin_maternal,894
18063,primaria,1916
18063,secundaria,1636
18063,terciario,7592
18070,jardin_infante,3381
18070,jardin_maternal,5654
18070,primaria,12729
18070,secundaria,11020
18070,terciario,47543
18077,jardin_infante,419
18077,jardin_maternal,717
18077,primaria,1491
18077,secundaria,1164
18077,terciario,5285
18084,jardin_infante,1357
18084,jardin_maternal,2459
18084,primaria,4878
18084,secundaria,4073
18084,terciario,17682
18091,jardin_infante,1644
18091,jardin_maternal,2788
18091,primaria,5545
18091,secundaria,4384
18091,terciario,18576
18098,jardin_infante,336
18098,jardin_maternal,666
18098,primaria,1317
18098,secundaria,1230
18098,terciario,5150
18105,jardin_infante,1827
18105,jardin_maternal,3138
18105,primaria,6120
18105,secundaria,4682
18105,terciario,22855
18112,jardin_infante,1537
18112,jardin_maternal,2579
18112,primaria,5486
18112,secundaria,4434
18112,terciario,20638
18119,jardin_infante,2001
18119,jardin_maternal,3441
18119,primaria,7451
18119,secundaria,6405
18119,terciario,25267
18126,jardin_infante,1000
18126,jardin_maternal,1703
18126,primaria,3566
18126,secundaria,3134
18126,terciario,13245
18133,jardin_infante,634
18133,jardin_maternal,999
18133,primaria,2191
18133,secundaria,1708
18133,terciario,9267
18140,jardin_infante,743
18140,jardin_maternal,1119
18140,primaria,2392
18140,secundaria,2129
18140,terciario,9868
18147,jardin_infante,547
18147,jardin_maternal,965
18147,primaria,1980
18147,secundaria,1694
18147,terciario,6552
18154,jardin_infante,498
18154,jardin_maternal,789
18154,primaria,1758
18154,secundaria,1480
18154,terciario,5606
18161,jardin_infante,793
18161,jardin_maternal,1378
18161,primaria,2726
18161,secundaria,2356
18161,terciario,10386
18168,jardin_infante,2450
18168,jardin_maternal,4534
18168,primaria,9454
18168,secundaria,7725
18168,terciario,33935
18175,jardin_infante,368
18175,jardin_maternal,554
18175,primaria,1251
18175,secundaria,1114
18175,terciario,4466
22007,jardin_infante,1478
22007,jardin_maternal,2611
22007,primaria,5089
22007,secundaria,4604
22007,terciario,17936
22014,jardin_infante,912
22014,jardin_maternal,1648
22014,primaria,3431
22014,secundaria,2793
22014,terciario,12887
22021,jardin_infante,3203
22021,jardin_maternal,5376
22021,primaria,12218
22021,secundaria,10680
22021,terciario,47841
22028,jardin_infante,1148
22028,jardin_maternal,1966
22028,primaria,4114
22028,secundaria,3194
22028,terciario,16638
22036,jardin_infante,730
22036,jardin_maternal,1532
22036,primaria,2851
22036,secundaria,2323
22036,terciario,11187
22039,jardin_infante,269
22039,jardin_maternal,476
22039,primaria,895
22039,secundaria,768
22039,terciario,3978
22043,jardin_infante,324
22043,jardin_maternal,644
22043,primaria,1305
22043,secundaria,1039
22043,terciario,4934
22049,jardin_infante,507
22049,jardin_maternal,904
22049,primaria,1698
22049,secundaria,1470
22049,terciario,5924
22056,jardin_infante,509
22056,jardin_maternal,776
22056,primaria,1794
22056,secundaria,1513
22056,terciario,7156
22063,jardin_infante,2635
22063,jardin_maternal,4286
22063,primaria,9486
22063,secundaria,7565
22063,terciario,33212
22070,jardin_infante,836
22070,jardin_maternal,1482
22070,primaria,3020
22070,secundaria,2776
22070,terciario,10000
22077,jardin_infante,478
22077,jardin_maternal,804
22077,primaria,1682
22077,secundaria,1357
22077,terciario,6664
22084,jardin_infante,2384
22084,jardin_maternal,4130
22084,primaria,8406
22084,secundaria,6903
22084,terciario,30716
22091,jardin_infante,981
22091,jardin_maternal,1720
22091,primaria,3468
22091,secundaria,2776
22091,terciario,12269
22098,jardin_infante,2075
22098,jardin_maternal,3805
22098,primaria,7600
22098,secundaria,5872
22098,terciario,27885
22105,jardin_infante,1092
22105,jardin_maternal,1895
22105,primaria,3572
22105,secundaria,3053
22105,terciario,14260
22112,jardin_infante,685
22112,jardin_maternal,1405
22112,primaria,3018
22112,secundaria,2575
22112,terciario,9920
22119,jardin_infante,509
22119,jardin_maternal,844
22119,primaria,1853
22119,secundaria,1510
22119,terciario,6462
22126,jardin_infante,530
22126,jardin_maternal,830
22126,primaria,1810
22126,secundaria,1262
22126,terciario,6812
22133,jardin_infante,1147
22133,jardin_maternal,2021
22133,primaria,3819
22133,secundaria,3539
22133,terciario,14905
22140,jardin_infante,12127
22140,jardin_maternal,19694
22140,primaria,45514
22140,secundaria,36791
22140,terciario,205009
22147,jardin_infante,611
22147,jardin_maternal,1096
22147,primaria,2119
22147,secundaria,1694
22147,terciario,7387
22154,jardin_infante,642
22154,jardin_maternal,1127
22154,primaria,2286
22154,secundaria,1912
22154,terciario,8772
22161,jardin_infante,128
22161,jardin_maternal,266
22161,primaria,505
22161,secundaria,442
22161,terciario,1884
22168,jardin_infante,1161
22168,jardin_maternal,2140
22168,primaria,4543
22168,secundaria,3788
22168,terciario,14839
26007,jardin_infante,2999
26007,jardin_maternal,5112
26007,primaria,12244
26007,secundaria,10407
26007,terciario,50241
26014,jardin_infante,794
26014,jardin_maternal,1228
26014,primaria,3216
26014,secundaria,2710
26014,terciario,13110
26021,jardin_infante,6480
26021,jardin_maternal,10188
26021,primaria,25207
26021,secundaria,20255
26021,terciario,105094
26028,jardin_infante,74
26028,jardin_maternal,101
26028,primaria,221
26028,secundaria,157
26028,terciario,850
26035,jardin_infante,1420
26035,jardin_maternal,2102
26035,primaria,5702
26035,secundaria,4656
26035,terciario,23925
26042,jardin_infante,381
26042,jardin_maternal,617
26042,primaria,1396
26042,secundaria,1244
26042,terciario,5723
26049,jardin_infante,38
26049,jardin_maternal,45
26049,primaria,108
26049,secundaria,97
26049,terciario,532
26056,jardin_infante,102
26056,jardin_maternal,134
26056,primaria,297
26056,secundaria,269
26056,terciario,1281
26063,jardin_infante,34
26063,jardin_maternal,30
26063,primaria,74
26063,secundaria,54
26063,terciario,312
26070,jardin_infante,58
26070,jardin_maternal,79
26070,primaria,191
26070,secundaria,147
26070,terciario,906
26077,jardin_infante,4049
26077,jardin_maternal,6442
26077,primaria,15641
26077,secundaria,13427
26077,terciario,69091
26084,jardin_infante,209
26084,jardin_maternal,356
26084,primaria,746
26084,secundaria,517
26084,terciario,3079
26091,jardin_infante,500
26091,jardin_maternal,844
26091,primaria,1995
26091,secundaria,1510
26091,terciario,7044
26098,jardin_infante,192
26098,jardin_maternal,272
26098,primaria,754
26098,secundaria,546
26098,terciario,2736
26105,jardin_infante,41
26105,jardin_maternal,76
26105,primaria,167
26105,secundaria,151
26105,terciario,741
30008,jardin_infante,2348
30008,jardin_maternal,3559
30008,primaria,8095
30008,secundaria,6808
30008,terciario,34040
30015,jardin_infante,6695
30015,jardin_maternal,11206
30015,primaria,24910
30015,secundaria,19760
30015,terciario,90989
30021,jardin_infante,1458
30021,jardin_maternal,2389
30021,primaria,5216
30021,secundaria,4404
30021,terciario,24467
30028,jardin_infante,2597
30028,jardin_maternal,4279
30028,primaria,9326
30028,secundaria,7362
30028,terciario,36584
30035,jardin_infante,1002
30035,jardin_maternal,1627
30035,primaria,3327
30035,secundaria,2784
30035,terciario,13692
30042,jardin_infante,556
30042,jardin_maternal,905
30042,primaria,2002
30042,secundaria,1752
30042,terciario,7851
30049,jardin_infante,1769
30049,jardin_maternal,2760
30049,primaria,6359
30049,secundaria,5287
30049,terciario,25204
30056,jardin_infante,3696
30056,jardin_maternal,5714
30056,primaria,13745
30056,secundaria,11683
30056,terciario,56237
30063,jardin_infante,471
30063,jardin_maternal,800
30063,primaria,1790
30063,secundaria,1491
30063,terciario,6371
30070,jardin_infante,2432
30070,jardin_maternal,4117
30070,primaria,9094
30070,secundaria,7510
30070,terciario,34043
30077,jardin_infante,1282
30077,jardin_maternal,2082
30077,primaria,4731
30077,secundaria,3961
30077,terciario,19007
30084,jardin_infante,11013
30084,jardin_maternal,16962
30084,primaria,40780
30084,secundaria,34203
30084,terciario,184509
30088,jardin_infante,647
30088,jardin_maternal,1096
30088,primaria,2487
30088,secundaria,2170
30088,terciario,9151
30091,jardin_infante,963
30091,jardin_maternal,1514
30091,primaria,3601
30091,secundaria,2963
30091,terciario,13401
30098,jardin_infante,3340
30098,jardin_maternal,5292
30098,primaria,12543
30098,secundaria,10989
30098,terciario,52967
30105,jardin_infante,1193
30105,jardin_maternal,1930
30105,primaria,4259
30105,secundaria,3629
30105,terciario,18362
30113,jardin_infante,1783
30113,jardin_maternal,2896
30113,primaria,6258
30113,secundaria,5445
30113,terciario,25117
34007,jardin_infante,635
34007,jardin_maternal,1128
34007,primaria,2371
34007,secundaria,1864
34007,terciario,7072
34014,jardin_infante,8126
34014,jardin_maternal,13001
34014,primaria,30764
34014,secundaria,26381
34014,terciario,130309
34021,jardin_infante,652
34021,jardin_maternal,1073
34021,primaria,2496
34021,secundaria,2230
34021,terciario,8506
34028,jardin_infante,662
34028,jardin_maternal,1256
34028,primaria,2539
34028,secundaria,2024
34028,terciario,8039
34035,jardin_infante,3062
34035,jardin_maternal,5008
34035,primaria,11476
34035,secundaria,8864
34035,terciario,36419
34042,jardin_infante,645
34042,jardin_maternal,1219
34042,primaria,2530
34042,secundaria,2118
34042,terciario,8064
34049,jardin_infante,3326
34049,jardin_maternal,5608
34049,primaria,11883
34049,secundaria,9453
34049,terciario,41247
34056,jardin_infante,2616
34056,jardin_maternal,4214
34056,primaria,9417
34056,secundaria,7940
34056,terciario,31548
34063,jardin_infante,841
34063,jardin_maternal,1580
34063,primaria,3239
34063,secundaria,2578
34063,terciario,7968
38007,jardin_infante,495
38007,jardin_maternal,827
38007,primaria,2002
38007,secundaria,1782
38007,terciario,7045
38014,jardin_infante,4264
38014,jardin_maternal,6754
38014,primaria,15576
38014,secundaria,12999
38014,terciario,59390
38021,jardin_infante,9191
38021,jardin_maternal,13857
38021,primaria,36369
38021,secundaria,29775
38021,terciario,153645
38028,jardin_infante,751
38028,jardin_maternal,1001
38028,primaria,2892
38028,secundaria,2366
38028,terciario,9714
38035,jardin_infante,3016
38035,jardin_maternal,5131
38035,primaria,11518
38035,secundaria,9498
38035,terciario,44687
38042,jardin_infante,1929
38042,jardin_maternal,2871
38042,primaria,7650
38042,secundaria,6532
38042,terciario,31309
38049,jardin_infante,59
38049,jardin_maternal,111
38049,primaria,292
38049,secundaria,187
38049,terciario,746
38056,jardin_infante,208
38056,jardin_maternal,331
38056,primaria,820
38056,secundaria,617
38056,terciario,3286
38063,jardin_infante,2829
38063,jardin_maternal,4376
38063,primaria,10745
38063,secundaria,8540
38063,terciario,41307
38070,jardin_infante,707
38070,jardin_maternal,1198
38070,primaria,2848
38070,secundaria,2152
38070,terciario,9749
38077,jardin_infante,121
38077,jardin_maternal,161
38077,primaria,350
38077,secundaria,304
38077,terciario,1088
38084,jardin_infante,172
38084,jardin_maternal,267
38084,primaria,604
38084,secundaria,483
38084,terciario,1835
38094,jardin_infante,440
38094,jardin_maternal,623
38094,primaria,1787
38094,secundaria,1565
38094,terciario,7150
38098,jardin_infante,135
38098,jardin_maternal,240
38098,primaria,631
38098,secundaria,468
38098,terciario,2613
38105,jardin_infante,83
38105,jardin_maternal,111
38105,primaria,332
38105,secundaria,273
38105,terciario,1114
38112,jardin_infante,914
38112,jardin_maternal,1453
38112,primaria,3247
38112,secundaria,2798
38112,terciario,12083
42007,jardin_infante,293
42007,jardin_maternal,476
42007,primaria,1146
42007,secundaria,1002
42007,terciario,4714
42014,jardin_infante,72
42014,jardin_maternal,122
42014,primaria,325
42014,secundaria,283
42014,terciario,1158
42021,jardin_infante,3318
42021,jardin_maternal,4940
42021,primaria,12927
42021,secundaria,10902
42021,terciario,55086
42028,jardin_infante,249
42028,jardin_maternal,399
42028,primaria,1019
42028,secundaria,794
42028,terciario,3711
42035,jardin_infante,433
42035,jardin_maternal,590
42035,primaria,1567
42035,secundaria,1227
42035,terciario,6587
42042,jardin_infante,33
42042,jardin_maternal,66
42042,primaria,125
42042,secundaria,90
42042,terciario,477
42049,jardin_infante,88
42049,jardin_maternal,113
42049,primaria,354
42049,secundaria,270
42049,terciario,1302
42056,jardin_infante,369
42056,jardin_maternal,591
42056,primaria,1353
42056,secundaria,1136
42056,terciario,5405
42063,jardin_infante,49
42063,jardin_maternal,61
42063,primaria,180
42063,secundaria,163
42063,terciario,669
42070,jardin_infante,256
42070,jardin_maternal,434
42070,primaria,894
42070,secundaria,827
42070,terciario,3939
42077,jardin_infante,183
42077,jardin_maternal,303
42077,primaria,693
42077,secundaria,617
42077,terciario,3230
42084,jardin_infante,17
42084,jardin_maternal,22
42084,primaria,52
42084,secundaria,44
42084,terciario,177
42091,jardin_infante,10
42091,jardin_maternal,23
42091,primaria,46
42091,secundaria,24
42091,terciario,186
42098,jardin_infante,262
42098,jardin_maternal,385
42098,primaria,993
42098,secundaria,858
42098,terciario,4141
42105,jardin_infante,2019
42105,jardin_maternal,3273
42105,primaria,7633
42105,secundaria,6334
42105,terciario,32001
42112,jardin_infante,422
42112,jardin_maternal,673
42112,primaria,1576
42112,secundaria,1178
42112,terciario,5586
42119,jardin_infante,236
42119,jardin_maternal,364
42119,primaria,825
42119,secundaria,807
42119,terciario,3595
42126,jardin_infante,356
42126,jardin_maternal,497
42126,primaria,1281
42126,secundaria,1164
42126,terciario,4785
42133,jardin_infante,478
42133,jardin_maternal,754
42133,primaria,1924
42133,secundaria,1672
42133,terciario,7382
42140,jardin_infante,630
42140,jardin_maternal,910
42140,primaria,2436
42140,secundaria,1773
42140,terciario,8531
42147,jardin_infante,179
42147,jardin_maternal,256
42147,primaria,580
42147,secundaria,495
42147,terciario,2468
42154,jardin_infante,548
42154,jardin_maternal,773
42154,primaria,2084
42154,secundaria,1668
42154,terciario,8014
46007,jardin_infante,502
46007,jardin_maternal,851
46007,primaria,1915
46007,secundaria,1593
46007,terciario,7973
46014,jardin_infante,5949
46014,jardin_maternal,9748
46014,primaria,23293
46014,secundaria,20533
46014,terciario,108659
46021,jardin_infante,151
46021,jardin_maternal,258
46021,primaria,626
46021,secundaria,511
46021,terciario,2636
46028,jardin_infante,320
46028,jardin_maternal,509
46028,primaria,1249
46028,secundaria,1001
46028,terciario,5552
46035,jardin_infante,486
46035,jardin_maternal,821
46035,primaria,1589
46035,secundaria,1472
46035,terciario,7422
46042,jardin_infante,1757
46042,jardin_maternal,2822
46042,primaria,7038
46042,secundaria,6402
46042,terciario,28630
46049,jardin_infante,184
46049,jardin_maternal,295
46049,primaria,757
46049,secundaria,711
46049,terciario,3233
46056,jardin_infante,92
46056,jardin_maternal,163
46056,primaria,392
46056,secundaria,296
46056,terciario,1481
46063,jardin_infante,226
46063,jardin_maternal,395
46063,primaria,784
46063,secundaria,728
46063,terciario,3493
46070,jardin_infante,127
46070,jardin_maternal,210
46070,primaria,406
46070,secundaria,417
46070,terciario,1810
46077,jardin_infante,60
46077,jardin_maternal,98
46077,primaria,191
46077,secundaria,187
46077,terciario,920
46084,jardin_infante,202
46084,jardin_maternal,365
46084,primaria,765
46084,secundaria,696
46084,terciario,3266
46091,jardin_infante,139
46091,jardin_maternal,255
46091,primaria,643
46091,secundaria,550
46091,terciario,2257
46098,jardin_infante,84
46098,jardin_maternal,140
46098,primaria,294
46098,secundaria,257
46098,terciario,1256
46105,jardin_infante,84
46105,jardin_maternal,125
46105,primaria,291
46105,secundaria,257
46105,terciario,1064
46112,jardin_infante,516
46112,jardin_maternal,794
46112,primaria,1900
46112,secundaria,1616
46112,terciario,7110
46119,jardin_infante,122
46119,jardin_maternal,223
46119,primaria,501
46119,secundaria,422
46119,terciario,1942
46126,jardin_infante,86
46126,jardin_maternal,144
46126,primaria,361
46126,secundaria,270
46126,terciario,1420
50007,jardin_infante,3094
50007,jardin_maternal,5189
50007,primaria,11563
50007,secundaria,9394
50007,terciario,57859
50014,jardin_infante,1558
50014,jardin_maternal,2511
50014,primaria,6260
50014,secundaria,4846
50014,terciario,21846
50021,jardin_infante,5076
50021,jardin_maternal,8316
50021,primaria,19838
50021,secundaria,16701
50021,terciario,88759
50028,jardin_infante,9865
50028,jardin_maternal,15484
50028,primaria,36996
50028,secundaria,29798
50028,terciario,147161
50035,jardin_infante,1443
50035,jardin_maternal,2219
50035,primaria,5299
50035,secundaria,4319
50035,terciario,20878
50042,jardin_infante,400
50042,jardin_maternal,618
50042,primaria,1499
50042,secundaria,1108
50042,terciario,5578
50049,jardin_infante,7877
50049,jardin_maternal,11823
50049,primaria,28992
50049,secundaria,23685
50049,terciario,106000
50056,jardin_infante,1782
50056,jardin_maternal,2744
50056,primaria,6674
50056,secundaria,5019
50056,terciario,21854
50063,jardin_infante,5345
50063,jardin_maternal,8569
50063,primaria,20822
50063,secundaria,17463
50063,terciario,78436
50070,jardin_infante,6997
50070,jardin_maternal,11166
50070,primaria,26442
50070,secundaria,21528
50070,terciario,101917
50077,jardin_infante,1144
50077,jardin_maternal,1667
50077,primaria,4345
50077,secundaria,3426
50077,terciario,14887
50084,jardin_infante,1963
50084,jardin_maternal,3298
50084,primaria,7683
50084,secundaria,6036
50084,terciario,28388
50091,jardin_infante,1315
50091,jardin_maternal,2160
50091,primaria,5109
50091,secundaria,4018
50091,terciario,18130
50098,jardin_infante,4466
50098,jardin_maternal,7176
50098,primaria,17257
50098,secundaria,13262
50098,terciario,61695
50105,jardin_infante,6737
50105,jardin_maternal,10500
50105,primaria,24756
50105,secundaria,19958
50105,terciario,93924
50112,jardin_infante,644
50112,jardin_maternal,1121
50112,primaria,2509
50112,secundaria,1897
50112,terciario,8656
50119,jardin_infante,1948
50119,jardin_maternal,3210
50119,primaria,7833
50119,secundaria,6153
50119,terciario,27072
50126,jardin_infante,1435
50126,jardin_maternal,2375
50126,primaria,5685
50126,secundaria,4481
50126,terciario,19275
54007,jardin_infante,1908
54007,jardin_maternal,3354
54007,primaria,6783
54007,secundaria,5453
54007,terciario,23134
54014,jardin_infante,2299
54014,jardin_maternal,4126
54014,primaria,8762
54014,secundaria,6766
54014,terciario,26569
54021,jardin_infante,1328
54021,jardin_maternal,2430
54021,primaria,4979
54021,secundaria,3937
54021,terciario,15351
54028,jardin_infante,12645
54028,jardin_maternal,20497
54028,primaria,47460
54028,secundaria,37696
54028,terciario,188367
54035,jardin_infante,372
54035,jardin_maternal,715
54035,primaria,1384
54035,secundaria,1152
54035,terciario,4470
54042,jardin_infante,3139
54042,jardin_maternal,5582
54042,primaria,12100
54042,secundaria,9635
54042,terciario,41643
54049,jardin_infante,1938
54049,jardin_maternal,3520
54049,primaria,6918
54049,secundaria,5169
54049,terciario,21082
54056,jardin_infante,3135
54056,jardin_maternal,5667
54056,primaria,11433
54056,secundaria,8836
54056,terciario,35322
54063,jardin_infante,3933
54063,jardin_maternal,6708
54063,primaria,14290
54063,secundaria,10929
54063,terciario,46052
54070,jardin_infante,1687
54070,jardin_maternal,2743
54070,primaria,6082
54070,secundaria,4879
54070,terciario,22816
54077,jardin_infante,1906
54077,jardin_maternal,3321
54077,primaria,6927
54077,secundaria,5525
54077,terciario,23166
54084,jardin_infante,1388
54084,jardin_maternal,2286
54084,primaria,5313
54084,secundaria,4258
54084,terciario,16954
54091,jardin_infante,4268
54091,jardin_maternal,7412
54091,primaria,16152
54091,secundaria,12528
54091,terciario,55987
54098,jardin_infante,2326
54098,jardin_maternal,4172
54098,primaria,8670
54098,secundaria,6716
54098,terciario,28022
54105,jardin_infante,844
54105,jardin_maternal,1502
54105,primaria,3294
54105,secundaria,2470
54105,terciario,10328
54112,jardin_infante,1480
54112,jardin_maternal,2982
54112,primaria,5727
54112,secundaria,4161
54112,terciario,15315
54119,jardin_infante,1144
54119,jardin_maternal,2225
54119,primaria,4288
54119,secundaria,3286
54119,terciario,13844
58007,jardin_infante,349
58007,jardin_maternal,529
58007,primaria,1208
58007,secundaria,1021
58007,terciario,4923
58014,jardin_infante,701
58014,jardin_maternal,1207
58014,primaria,2480
58014,secundaria,1881
58014,terciario,9265
58021,jardin_infante,92
58021,jardin_maternal,128
58021,primaria,368
58021,secundaria,258
58021,terciario,1124
58028,jardin_infante,149
58028,jardin_maternal,211
58028,primaria,535
58028,secundaria,461
58028,terciario,2265
58035,jardin_infante,13653
58035,jardin_maternal,21086
58035,primaria,52500
58035,secundaria,42174
58035,terciario,230021
58042,jardin_infante,521
58042,jardin_maternal,777
58042,primaria,2162
58042,secundaria,1701
58042,terciario,8942
58049,jardin_infante,700
58049,jardin_maternal,1013
58049,primaria,2530
58049,secundaria,1973
58049,terciario,10169
58056,jardin_infante,1141
58056,jardin_maternal,1660
58056,primaria,4460
58056,secundaria,3818
58056,terciario,19190
58063,jardin_infante,262
58063,jardin_maternal,413
58063,primaria,927
58063,secundaria,729
58063,terciario,3684
58070,jardin_infante,470
58070,jardin_maternal,666
58070,primaria,1861
58070,secundaria,1466
58070,terciario,7592
58077,jardin_infante,316
58077,jardin_maternal,421
58077,primaria,1061
58077,secundaria,831
58077,terciario,4595
58084,jardin_infante,181
58084,jardin_maternal,259
58084,primaria,646
58084,secundaria,522
58084,terciario,2678
58091,jardin_infante,1036
58091,jardin_maternal,1642
58091,primaria,4093
58091,secundaria,3242
58091,terciario,15283
58098,jardin_infante,151
58098,jardin_maternal,240
58098,primaria,631
58098,secundaria,445
58098,terciario,2313
58105,jardin_infante,305
58105,jardin_maternal,416
58105,primaria,1097
58105,secundaria,793
58105,terciario,4012
58112,jardin_infante,1364
58112,jardin_maternal,2062
58112,primaria,5480
58112,secundaria,4533
58112,terciario,21296
62007,jardin_infante,1818
62007,jardin_maternal,2699
62007,primaria,7124
62007,secundaria,6046
62007,terciario,29915
62014,jardin_infante,1347
62014,jardin_maternal,2060
62014,primaria,4940
62014,secundaria,4126
62014,terciario,19224
62021,jardin_infante,4441
62021,jardin_maternal,6825
62021,primaria,17315
62021,secundaria,13885
62021,terciario,78311
62028,jardin_infante,260
62028,jardin_maternal,345
62028,primaria,840
62028,secundaria,630
62028,terciario,3440
62035,jardin_infante,200
62035,jardin_maternal,345
62035,primaria,901
62035,secundaria,675
62035,terciario,3145
62042,jardin_infante,11314
62042,jardin_maternal,17982
62042,primaria,43425
62042,secundaria,35515
62042,terciario,180201
62049,jardin_infante,88
62049,jardin_maternal,186
62049,primaria,408
62049,secundaria,321
62049,terciario,1637
62056,jardin_infante,45
62056,jardin_maternal,68
62056,primaria,141
62056,secundaria,127
62056,terciario,641
62063,jardin_infante,566
62063,jardin_maternal,778
62063,primaria,1943
62063,secundaria,1439
62063,terciario,7343
62070,jardin_infante,231
62070,jardin_maternal,367
62070,primaria,1107
62070,secundaria,821
62070,terciario,4171
62077,jardin_infante,1016
62077,jardin_maternal,1714
62077,primaria,4166
62077,secundaria,3416
62077,terciario,16371
62084,jardin_infante,134
62084,jardin_maternal,203
62084,primaria,457
62084,secundaria,367
62084,terciario,1876
62091,jardin_infante,587
62091,jardin_maternal,766
62091,primaria,1877
62091,secundaria,1607
62091,terciario,7716
66007,jardin_infante,2456
66007,jardin_maternal,4596
66007,primaria,9429
66007,secundaria,7601
66007,terciario,32783
66014,jardin_infante,299
66014,jardin_maternal,533
66014,primaria,1236
66014,secundaria,883
66014,terciario,4059
66021,jardin_infante,545
66021,jardin_maternal,885
66021,primaria,2378
66021,secundaria,1887
66021,terciario,8480
66028,jardin_infante,18538
66028,jardin_maternal,29274
66028,primaria,72054
66028,secundaria,59245
66028,terciario,301380
66035,jardin_infante,2013
66035,jardin_maternal,3329
66035,primaria,8047
66035,secundaria,6079
66035,terciario,26784
66042,jardin_infante,798
66042,jardin_maternal,1271
66042,primaria,3014
66042,secundaria,2568
66042,terciario,11654
66049,jardin_infante,1804
66049,jardin_maternal,3054
66049,primaria,6917
66049,secundaria,5526
66049,terciario,26456
66056,jardin_infante,7050
66056,jardin_maternal,12459
66056,primaria,25874
66056,secundaria,20452
66056,terciario,79945
66063,jardin_infante,136
66063,jardin_maternal,178
66063,primaria,403
66063,secundaria,332
66063,terciario,1593
66070,jardin_infante,260
66070,jardin_maternal,416
66070,primaria,930
66070,secundaria,785
66070,terciario,2547
66077,jardin_infante,360
66077,jardin_maternal,606
66077,primaria,1430
66077,secundaria,1076
66077,terciario,5962
66084,jardin_infante,235
66084,jardin_maternal,361
66084,primaria,904
66084,secundaria,755
66084,terciario,3217
66091,jardin_infante,65
66091,jardin_maternal,102
66091,primaria,260
66091,secundaria,234
66091,terciario,780
66098,jardin_infante,308
66098,jardin_maternal,452
66098,primaria,1108
66098,secundaria,909
66098,terciario,4098
66105,jardin_infante,322
66105,jardin_maternal,553
66105,primaria,1130
66105,secundaria,923
66105,terciario,3359
66112,jardin_infante,1649
66112,jardin_maternal,2677
66112,primaria,5695
66112,secundaria,4488
66112,terciario,22432
66119,jardin_infante,210
66119,jardin_maternal,306
66119,primaria,837
66119,secundaria,706
66119,terciario,2525
66126,jardin_infante,6038
66126,jardin_maternal,10613
66126,primaria,22746
66126,secundaria,18047
66126,terciario,73903
66133,jardin_infante,1699
66133,jardin_maternal,3349
66133,primaria,6427
66133,secundaria,4929
66133,terciario,16487
66140,jardin_infante,1118
66140,jardin_maternal,1848
66140,primaria,4146
66140,secundaria,3302
66140,terciario,15171
66147,jardin_infante,1824
66147,jardin_maternal,2911
66147,primaria,6604
66147,secundaria,5208
66147,terciario,23915
66154,jardin_infante,269
66154,jardin_maternal,405
66154,primaria,1102
66154,secundaria,812
66154,terciario,3378
66161,jardin_infante,393
66161,jardin_maternal,516
66161,primaria,1436
66161,secundaria,1218
66161,terciario,3782
70007,jardin_infante,1063
70007,jardin_maternal,1895
70007,primaria,4253
70007,secundaria,3543
70007,terciario,14428
70014,jardin_infante,357
70014,jardin_maternal,612
70014,primaria,1380
70014,secundaria,1164
70014,terciario,4506
70021,jardin_infante,413
70021,jardin_maternal,691
70021,primaria,1476
70021,secundaria,1116
70021,terciario,4904
70028,jardin_infante,2871
70028,jardin_maternal,4978
70028,primaria,10619
70028,secundaria,9248
70028,terciario,51199
70035,jardin_infante,1556
70035,jardin_maternal,2763
70035,primaria,5636
70035,secundaria,5029
70035,terciario,19934
70042,jardin_infante,3724
70042,jardin_maternal,6155
70042,primaria,13494
70042,secundaria,11469
70042,terciario,47769
70049,jardin_infante,275
70049,jardin_maternal,544
70049,primaria,1084
70049,secundaria,908
70049,terciario,4106
70056,jardin_infante,785
70056,jardin_maternal,1370
70056,primaria,2781
70056,secundaria,2398
70056,terciario,11238
70063,jardin_infante,490
70063,jardin_maternal,805
70063,primaria,1704
70063,secundaria,1390
70063,terciario,5906
70070,jardin_infante,2741
70070,jardin_maternal,4541
70070,primaria,10435
70070,secundaria,8555
70070,terciario,33670
70077,jardin_infante,4452
70077,jardin_maternal,7507
70077,primaria,16891
70077,secundaria,14120
70077,terciario,62037
70084,jardin_infante,3186
70084,jardin_maternal,5213
70084,primaria,11692
70084,secundaria,9610
70084,terciario,46362
70091,jardin_infante,553
70091,jardin_maternal,1033
70091,primaria,2165
70091,secundaria,1718
70091,terciario,6752
70098,jardin_infante,2097
70098,jardin_maternal,3523
70098,primaria,7756
70098,secundaria,6279
70098,terciario,28165
70105,jardin_infante,1080
70105,jardin_maternal,1796
70105,primaria,3853
70105,secundaria,3304
70105,terciario,12235
70112,jardin_infante,236
70112,jardin_maternal,378
70112,primaria,864
70112,secundaria,704
70112,terciario,3074
70119,jardin_infante,282
70119,jardin_maternal,490
70119,primaria,963
70119,secundaria,801
70119,terciario,3856
70126,jardin_infante,840
70126,jardin_maternal,1454
70126,primaria,2998
70126,secundaria,2605
70126,terciario,9295
70133,jardin_infante,241
70133,jardin_maternal,438
70133,primaria,881
70133,secundaria,729
70133,terciario,3127
74007,jardin_infante,705
74007,jardin_maternal,1298
74007,primaria,2770
74007,secundaria,2471
74007,terciario,10337
74014,jardin_infante,166
74014,jardin_maternal,278
74014,primaria,651
74014,secundaria,545
74014,terciario,2323
74021,jardin_infante,434
74021,jardin_maternal,746
74021,primaria,1710
74021,secundaria,1641
74021,terciario,7279
74028,jardin_infante,761
74028,jardin_maternal,1185
74028,primaria,2742
74028,secundaria,2612
74028,terciario,12175
74035,jardin_infante,4412
74035,jardin_maternal,7510
74035,primaria,17217
74035,secundaria,15346
74035,terciario,70005
74042,jardin_infante,498
74042,jardin_maternal,785
74042,primaria,1708
74042,secundaria,1593
74042,terciario,6594
74049,jardin_infante,1091
74049,jardin_maternal,1734
74049,primaria,4272
74049,secundaria,3956
74049,terciario,18119
74056,jardin_infante,7378
74056,jardin_maternal,12303
74056,primaria,28921
74056,secundaria,27055
74056,terciario,126105
74063,jardin_infante,133
74063,jardin_maternal,194
74063,primaria,445
74063,secundaria,444
74063,terciario,1948
78007,jardin_infante,547
78007,jardin_maternal,909
78007,primaria,1949
78007,secundaria,1497
78007,terciario,7529
78014,jardin_infante,4203
78014,jardin_maternal,6513
78014,primaria,16156
78014,secundaria,13468
78014,terciario,62671
78021,jardin_infante,4350
78021,jardin_maternal,6223
78021,primaria,16392
78021,secundaria,13731
78021,terciario,67037
78028,jardin_infante,981
78028,jardin_maternal,1199
78028,primaria,3312
78028,secundaria,2596
78028,terciario,13069
78035,jardin_infante,544
78035,jardin_maternal,754
78035,primaria,1616
78035,secundaria,1174
78035,terciario,6258
78042,jardin_infante,437
78042,jardin_maternal,673
78042,primaria,1739
78042,secundaria,1324
78042,terciario,6367
78049,jardin_infante,238
78049,jardin_maternal,347
78049,primaria,874
78049,secundaria,653
78049,terciario,3098
82007,jardin_infante,1365
82007,jardin_maternal,2232
82007,primaria,4903
82007,secundaria,4293
82007,terciario,22071
82014,jardin_infante,2173
82014,jardin_maternal,3793
82014,primaria,8294
82014,secundaria,7108
82014,terciario,38205
82021,jardin_infante,5723
82021,jardin_maternal,9369
82021,primaria,20593
82021,secundaria,17437
82021,terciario,87764
82028,jardin_infante,2535
82028,jardin_maternal,4258
82028,primaria,9370
82028,secundaria,8501
82028,terciario,41237
82035,jardin_infante,843
82035,jardin_maternal,1506
82035,primaria,2920
82035,secundaria,2238
82035,terciario,11898
82042,jardin_infante,5571
82042,jardin_maternal,9313
82042,primaria,20764
82042,secundaria,17525
82042,terciario,88213
82049,jardin_infante,6367
82049,jardin_maternal,10835
82049,primaria,22397
82049,secundaria,19095
82049,terciario,91378
82056,jardin_infante,2142
82056,jardin_maternal,3600
82056,primaria,7768
82056,secundaria,6189
82056,terciario,32382
82063,jardin_infante,16404
82063,jardin_maternal,26533
82063,primaria,60178
82063,secundaria,51318
82063,terciario,270498
82070,jardin_infante,3203
82070,jardin_maternal,5316
82070,primaria,11728
82070,secundaria,10201
82070,terciario,53694
82077,jardin_infante,988
82077,jardin_maternal,1732
82077,primaria,3636
82077,secundaria,3285
82077,terciario,14405
82084,jardin_infante,36883
82084,jardin_maternal,61021
82084,primaria,136909
82084,secundaria,111326
82084,terciario,633645
82091,jardin_infante,2230
82091,jardin_maternal,3676
82091,primaria,8274
82091,secundaria,6990
82091,terciario,32335
82098,jardin_infante,1096
82098,jardin_maternal,1980
82098,primaria,4011
82098,secundaria,3004
82098,terciario,15406
82105,jardin_infante,2578
82105,jardin_maternal,4129
82105,primaria,9086
82105,secundaria,7615
82105,terciario,38004
82112,jardin_infante,1372
82112,jardin_maternal,2394
82112,primaria,5112
82112,secundaria,4294
82112,terciario,20899
82119,jardin_infante,6225
82119,jardin_maternal,10131
82119,primaria,22850
82119,secundaria,17689
82119,terciario,90186
82126,jardin_infante,1948
82126,jardin_maternal,3229
82126,primaria,7148
82126,secundaria,5857
82126,terciario,29467
82133,jardin_infante,1902
82133,jardin_maternal,3083
82133,primaria,6546
82133,secundaria,5536
82133,terciario,25307
86007,jardin_infante,300
86007,jardin_maternal,504
86007,primaria,1064
86007,secundaria,941
86007,terciario,4222
86014,jardin_infante,776
86014,jardin_maternal,1522
86014,primaria,2854
86014,secundaria,2369
86014,terciario,9294
86021,jardin_infante,543
86021,jardin_maternal,977
86021,primaria,2168
86021,secundaria,1880
86021,terciario,6546
86028,jardin_infante,1026
86028,jardin_maternal,1732
86028,primaria,3527
86028,secundaria,3231
86028,terciario,11447
86035,jardin_infante,6003
86035,jardin_maternal,10115
86035,primaria,21600
86035,secundaria,17110
86035,terciario,81622
86042,jardin_infante,372
86042,jardin_maternal,661
86042,primaria,1293
86042,secundaria,1074
86042,terciario,5189
86049,jardin_infante,10160
86049,jardin_maternal,16192
86049,primaria,37231
86049,secundaria,30377
86049,terciario,162875
86056,jardin_infante,1344
86056,jardin_maternal,2564
86056,primaria,4966
86056,secundaria,4367
86056,terciario,16410
86063,jardin_infante,1408
86063,jardin_maternal,2338
86063,primaria,5276
86063,secundaria,4520
86063,terciario,20062
86070,jardin_infante,773
86070,jardin_maternal,1354
86070,primaria,2803
86070,secundaria,2471
86070,terciario,8897
86077,jardin_infante,1684
86077,jardin_maternal,3088
86077,primaria,6042
86077,secundaria,5394
86077,terciario,21525
86084,jardin_infante,337
86084,jardin_maternal,563
86084,primaria,1095
86084,secundaria,941
86084,terciario,4188
86091,jardin_infante,661
86091,jardin_maternal,1186
86091,primaria,2376
86091,secundaria,2055
86091,terciario,8526
86098,jardin_infante,747
86098,jardin_maternal,1405
86098,primaria,3004
86098,secundaria,2585
86098,terciario,9222
86105,jardin_infante,748
86105,jardin_maternal,1495
86105,primaria,3051
86105,secundaria,2561
86105,terciario,11352
86112,jardin_infante,35
86112,jardin_maternal,77
86112,primaria,143
86112,secundaria,160
86112,terciario,636
86119,jardin_infante,1628
86119,jardin_maternal,2980
86119,primaria,5635
86119,secundaria,5178
86119,terciario,18597
86126,jardin_infante,504
86126,jardin_maternal,888
86126,primaria,1714
86126,secundaria,1633
86126,terciario,6722
86133,jardin_infante,964
86133,jardin_maternal,1668
86133,primaria,3634
86133,secundaria,2937
86133,terciario,11848
86140,jardin_infante,502
86140,jardin_maternal,784
86140,primaria,1585
86140,secundaria,1324
86140,terciario,5301
86147,jardin_infante,2272
86147,jardin_maternal,4105
86147,primaria,8569
86147,secundaria,6856
86147,terciario,30715
86154,jardin_infante,179
86154,jardin_maternal,308
86154,primaria,649
86154,secundaria,539
86154,terciario,2473
86161,jardin_infante,1938
86161,jardin_maternal,3497
86161,primaria,7173
86161,secundaria,5982
86161,terciario,25306
86168,jardin_infante,430
86168,jardin_maternal,864
86168,primaria,1746
86168,secundaria,1654
86168,terciario,5540
86175,jardin_infante,400
86175,jardin_maternal,783
86175,primaria,1602
86175,secundaria,1480
86175,terciario,4862
86182,jardin_infante,182
86182,jardin_maternal,351
86182,primaria,722
86182,secundaria,624
86182,terciario,2240
86189,jardin_infante,274
86189,jardin_maternal,587
86189,primaria,1173
86189,secundaria,1076
86189,terciario,4595
90007,jardin_infante,1531
90007,jardin_maternal,2799
90007,primaria,6034
90007,secundaria,4942
90007,terciario,21305
90014,jardin_infante,7894
90014,jardin_maternal,13177
90014,primaria,29374
90014,secundaria,23883
90014,terciario,109422
90021,jardin_infante,2897
90021,jardin_maternal,4754
90021,primaria,10719
90021,secundaria,8977
90021,terciario,44026
90028,jardin_infante,1593
90028,jardin_maternal,2646
90028,primaria,5489
90028,secundaria,4607
90028,terciario,19946
90035,jardin_infante,553
90035,jardin_maternal,881
90035,primaria,1880
90035,secundaria,1613
90035,terciario,7118
90042,jardin_infante,1045
90042,jardin_maternal,1863
90042,primaria,4124
90042,secundaria,3462
90042,terciario,16147
90049,jardin_infante,659
90049,jardin_maternal,1235
90049,primaria,2557
90049,secundaria,2282
90049,terciario,10058
90056,jardin_infante,2067
90056,jardin_maternal,3611
90056,primaria,7892
90056,secundaria,6716
90056,terciario,30596
90063,jardin_infante,3188
90063,jardin_maternal,5354
90063,primaria,12694
90063,secundaria,9951
90063,terciario,45154
90070,jardin_infante,2452
90070,jardin_maternal,4071
90070,primaria,9280
90070,secundaria,7910
90070,terciario,36320
90077,jardin_infante,2001
90077,jardin_maternal,3524
90077,primaria,7740
90077,secundaria,6483
90077,terciario,30450
90084,jardin_infante,16533
90084,jardin_maternal,27556
90084,primaria,60342
90084,secundaria,50598
90084,terciario,279957
90091,jardin_infante,1142
90091,jardin_maternal,1990
90091,primaria,4427
90091,secundaria,3591
90091,terciario,16596
90098,jardin_infante,655
90098,jardin_maternal,1173
90098,primaria,2606
90098,secundaria,2135
90098,terciario,10184
90105,jardin_infante,5842
90105,jardin_maternal,9210
90105,primaria,21744
90105,secundaria,17829
90105,terciario,82787
90112,jardin_infante,772
90112,jardin_maternal,1413
90112,primaria,2854
90112,secundaria,2478
90112,terciario,10878
90119,jardin_infante,3179
90119,jardin_maternal,5241
90119,primaria,11860
90119,secundaria,10036
90119,terciario,48335
94008,jardin_infante,3293
94008,jardin_maternal,4794
94008,primaria,11816
94008,secundaria,9779
94008,terciario,49875
94011,jardin_infante,219
94011,jardin_maternal,362
94011,primaria,832
94011,secundaria,662
94011,terciario,2944
94015,jardin_infante,2476
94015,jardin_maternal,3659
94015,primaria,8898
94015,secundaria,7210
94015,terciario,41320
